,index,Nama Pemaju,Kod Pemaju,No. Lesen,Tarikh Mula Lesen,Tarikh Tamat Lesen,No. Telefon,Emel,Laman Web,Kod Pemajuan,Status Projek (Keseluruhan),No. Permit,Tarikh Mula Permit,Tarikh Tamat Permit,Harga Bermula,Keluasan,Jenis Rumah,Bil. Tingkat,Bil. Bilik,Bil. Tandas,Keluasan Binaan (mps),Bil. Unit,Anggaran Baki Unit,Harga Minimum (RM),Harga Maksimum (RM),Peratus Sebenar %,Status Projek,Location,Address,Link,Website Location
0,1 3 9 9 7 - 1 - T A M A N   B U K I T   M I N Y A K   P E R M A I,IDEAL HARMONY DEVELOPMENT SDN. BHD.,13997,13997-1/07-2019/02240(L),04 Jul 2018,03 Jul 2019,-,-,-,"13997-1,",SIAP DENGAN: CCC PENUH,13997-1/05-2017/0416(P),19 May 2015,18 May 2017,"RM 688,000.00","2,961.00mps - 3,507.00mps",RUMAH BERKEMBAR,3,0,0,"3,507",30,20,"928,000.00","1,311,200.00",100.00,SIAP DENGAN: CCC PENUH,"[""5.330397, 100.452670""]",,https://teduh.kpkt.gov.my/project-swasta/13997-1,"(287, '13997-1')"
1,1 3 9 9 7 - 1 - T A M A N   B U K I T   M I N Y A K   P E R M A I,IDEAL HARMONY DEVELOPMENT SDN. BHD.,13997,13997-1/07-2019/02240(L),04 Jul 2018,03 Jul 2019,-,-,-,"13997-1,",SIAP DENGAN: CCC PENUH,13997-1/05-2017/0416(P),19 May 2015,18 May 2017,"RM 688,000.00","2,961.00mps - 3,507.00mps",RUMAH TERES,3,0,0,"2,961",30,7,"688,000.00","862,900.00",100.00,SIAP DENGAN: CCC PENUH,"[""5.330397, 100.452670""]",,https://teduh.kpkt.gov.my/project-swasta/13997-1,"(287, '13997-1')"
2,1 3 9 9 9 - 1 - E U R E K A   G E N E S I S   S D N .   B H D .,EUREKA GENESIS SDN. BHD.,13999,13999/05-2028/0732(R),06 May 2023,05 May 2028,-,-,-,"13999-1,",SIAP DENGAN: CCC PENUH,13999-1/05-2017/0420(P),19 May 2015,18 May 2017,"RM 328,000.00",92.02mps,RUMAH TERES,1,0,0,92,30,1,"328,000.00","550,000.00",100.00,SIAP DENGAN: CCC PENUH,"[""3.028969, 101.416388""]",,https://teduh.kpkt.gov.my/project-swasta/13999-1,"(288, '13999-1')"
3,1 3 9 9 9 - 2 - D E S A   B U K I T   P E R M A T A   -   J A L A N   I S K A N D A R,EUREKA GENESIS SDN. BHD.,13999,13999/05-2028/0732(R),06 May 2023,05 May 2028,-,-,-,"13999-2,",SIAP DENGAN: CCC PENUH,13999-2/07-2018/0555(P),21 Jul 2016,20 Jul 2018,"RM 308,000.00",79.00mps,RUMAH TERES,1,0,0,79,21,6,"308,000.00","580,000.00",100.00,SIAP DENGAN: CCC PENUH,"[""3.160309, 101.412896""]",,https://teduh.kpkt.gov.my/project-swasta/13999-2,"(289, '13999-2')"
4,1 3 9 9 9 - 3 - T A M A N   H I J R A H   2   -   K A P A R   K L A N G,EUREKA GENESIS SDN. BHD.,13999,13999/05-2028/0732(R),06 May 2023,05 May 2028,-,-,-,"13999-3,",SIAP DENGAN: CCC PENUH,13999-3/07-2021/0611(P),13 Jul 2019,12 Jul 2021,"RM 460,000.00",58.50mps - 76.00mps,RUMAH BERKEMBAR,1.5,0,0,76,8,0,"490,000.00","650,000.00",100.00,SIAP DENGAN: CCC PENUH,"[""3.051138, 101.411437""]",,https://teduh.kpkt.gov.my/project-swasta/13999-3,"(290, '13999-3')"
5,1 3 9 9 9 - 3 - T A M A N   H I J R A H   2   -   K A P A R   K L A N G,EUREKA GENESIS SDN. BHD.,13999,13999/05-2028/0732(R),06 May 2023,05 May 2028,-,-,-,"13999-3,",SIAP DENGAN: CCC PENUH,13999-3/07-2021/0611(P),13 Jul 2019,12 Jul 2021,"RM 460,000.00",58.50mps - 76.00mps,RUMAH TERES,2,0,0,59,16,1,"460,000.00","600,000.00",100.00,SIAP DENGAN: CCC PENUH,"[""3.051138, 101.411437""]",,https://teduh.kpkt.gov.my/project-swasta/13999-3,"(290, '13999-3')"
6,1 3 9 9 9 - 4 - L O T   6 5 6 3,EUREKA GENESIS SDN. BHD.,13999,13999/05-2028/0732(R),06 May 2023,05 May 2028,-,-,-,"13999-4,",PERMIT TELAH DIBATALKAN,13999-4/10-2022/03222(A)-(L),01 Nov 2021,31 Oct 2022,"RM 680,000.00","928.00mps - 1,044.00mps",RUMAH BERKEMBAR,2,0,0,"1,015 - 1,044",4,4,"800,000.00","815,000.00",0.00,BELUM MULA,"[""3.088102, 101.378516""]",,https://teduh.kpkt.gov.my/project-swasta/13999-4,"(291, '13999-4')"
7,1 3 9 9 9 - 4 - L O T   6 5 6 3,EUREKA GENESIS SDN. BHD.,13999,13999/05-2028/0732(R),06 May 2023,05 May 2028,-,-,-,"13999-4,",PERMIT TELAH DIBATALKAN,13999-4/10-2022/03222(A)-(L),01 Nov 2021,31 Oct 2022,"RM 680,000.00","928.00mps - 1,044.00mps",RUMAH BERKEMBAR,2,0,0,928,8,8,"680,000.00","715,000.00",0.00,BELUM MULA,"[""3.088102, 101.378516""]",,https://teduh.kpkt.gov.my/project-swasta/13999-4,"(291, '13999-4')"
8,1 3 9 9 9 - 4 - L O T   6 5 6 3,EUREKA GENESIS SDN. BHD.,13999,13999/05-2028/0732(R),06 May 2023,05 May 2028,-,-,-,"13999-4,",PERMIT TELAH DIBATALKAN,13999-4/10-2022/03222(A)-(L),01 Nov 2021,31 Oct 2022,"RM 680,000.00","928.00mps - 1,044.00mps",RUMAH BERKEMBAR,2,0,0,928,8,8,"720,000.00","755,000.00",0.00,BELUM MULA,"[""3.088102, 101.378516""]",,https://teduh.kpkt.gov.my/project-swasta/13999-4,"(291, '13999-4')"
9,1 3 9 9 9 - 4 - L O T   6 5 6 3,EUREKA GENESIS SDN. BHD.,13999,13999/05-2028/0732(R),06 May 2023,05 May 2028,-,-,-,"13999-4,",PERMIT TELAH DIBATALKAN,13999-4/10-2022/03222(A)-(L),01 Nov 2021,31 Oct 2022,"RM 680,000.00","928.00mps - 1,044.00mps",RUMAH BERKEMBAR,2,0,0,"1,015 - 1,044",4,4,"820,000.00","880,000.00",0.00,BELUM MULA,"[""3.088102, 101.378516""]",,https://teduh.kpkt.gov.my/project-swasta/13999-4,"(291, '13999-4')"
10,1 3 9 9 9 - 5 - L O T   1 4 6 4   -   T O K   M U D A,EUREKA GENESIS SDN. BHD.,13999,13999/05-2028/0732(R),06 May 2023,05 May 2028,-,-,-,"13999-5,",SIAP DENGAN: CCC PENUH,13999-5/05-2024/0950(R)-(L),06 May 2023,05 May 2024,"RM 282,000.00",780.00mps - 960.00mps,RUMAH BERKEMBAR,1,0,0,960,8,6,"408,000.00","550,000.00",100.00,SIAP DENGAN: CCC PENUH,"[""3.140177, 101.353080""]",,https://teduh.kpkt.gov.my/project-swasta/13999-5,"(292, '13999-5')"
11,1 3 9 9 9 - 5 - L O T   1 4 6 4   -   T O K   M U D A,EUREKA GENESIS SDN. BHD.,13999,13999/05-2028/0732(R),06 May 2023,05 May 2028,-,-,-,"13999-5,",SIAP DENGAN: CCC PENUH,13999-5/05-2024/0950(R)-(L),06 May 2023,05 May 2024,"RM 282,000.00",780.00mps - 960.00mps,RUMAH TERES,1,0,0,780 - 850,16,3,"282,000.00","480,000.00",100.00,SIAP DENGAN: CCC PENUH,"[""3.140177, 101.353080""]",,https://teduh.kpkt.gov.my/project-swasta/13999-5,"(292, '13999-5')"
12,1 4 0 0 0 - 1 - P E R U M A H A N   M A K M U R   S E T I A   J A Y A,PANANTARA ENTERPRISE SDN. BHD.,14000,14000/10-2025/0937(R),16 Oct 2022,15 Oct 2025,-,-,-,"14000-1,",SIAP DENGAN: CCC PENUH,14000-1/06-2018/01580(P),08 Jun 2017,07 Jun 2018,"RM 150,000.00",93.00mps,RUMAH BERKEMBAR,1,0,0,93,118,4,"150,000.00","191,300.00",100.00,SIAP DENGAN: CCC PENUH,"[""3.476606, 102.497786""]",,https://teduh.kpkt.gov.my/project-swasta/14000-1,"(293, '14000-1')"
13,1 4 0 0 0 - 2 - P E R U M A H A N   M A K M U R   S E T I A   J A Y A,PANANTARA ENTERPRISE SDN. BHD.,14000,14000/10-2025/0937(R),16 Oct 2022,15 Oct 2025,-,-,-,"14000-2,",SIAP DENGAN: CCC PENUH,14000-2/03-2020/01764(P),27 Mar 2019,26 Mar 2020,"RM 150,000.00",93.00mps,RUMAH BERKEMBAR,1,0,0,93,102,0,"150,000.00","184,020.00",100.00,SIAP DENGAN: CCC PENUH,"[""3.479400, 102.497603""]",,https://teduh.kpkt.gov.my/project-swasta/14000-2,"(294, '14000-2')"
14,1 4 0 0 0 - 3 - P E R U M A H A N   M A K M U R   S E T I A   J A Y A,PANANTARA ENTERPRISE SDN. BHD.,14000,14000/10-2025/0937(R),16 Oct 2022,15 Oct 2025,-,-,-,"14000-3,",SIAP DENGAN: CCC PENUH,14000-3/10-2022/02906(A)-(L),16 Oct 2021,15 Oct 2022,"RM 135,000.00",110.70mps,RUMAH BERKEMBAR,1,0,0,111,72,0,"135,000.00","167,500.00",100.00,SIAP DENGAN: CCC PENUH,"[""3.480566, 102.511946""]",,https://teduh.kpkt.gov.my/project-swasta/14000-3,"(295, '14000-3')"
15,1 4 0 0 1 - 1 - T A M A N   U N I J A Y A,NING YANG PROPERTIES SDN. BHD.,14001,14001-1/09-2022/02768(L),07 Sep 2021,06 Sep 2022,-,-,-,"14001-1,",SIAP DENGAN: CCC PENUH,14001-1/09-2022/02768(P),07 Sep 2021,06 Sep 2022,"RM 300,000.00",146.51mps - 236.90mps,RUMAH TERES,1,0,0,237,3,1,"368,000.00","450,000.00",100.00,SIAP DENGAN: CCC PENUH,"[""3.755385, 101.853873""]",,https://teduh.kpkt.gov.my/project-swasta/14001-1,"(296, '14001-1')"
16,1 4 0 0 1 - 1 - T A M A N   U N I J A Y A,NING YANG PROPERTIES SDN. BHD.,14001,14001-1/09-2022/02768(L),07 Sep 2021,06 Sep 2022,-,-,-,"14001-1,",SIAP DENGAN: CCC PENUH,14001-1/09-2022/02768(P),07 Sep 2021,06 Sep 2022,"RM 300,000.00",146.51mps - 236.90mps,RUMAH TERES,1,0,0,237,22,4,"300,000.00","400,000.00",100.00,SIAP DENGAN: CCC PENUH,"[""3.755385, 101.853873""]",,https://teduh.kpkt.gov.my/project-swasta/14001-1,"(296, '14001-1')"
17,1 4 0 0 1 - 1 - T A M A N   U N I J A Y A,NING YANG PROPERTIES SDN. BHD.,14001,14001-1/09-2022/02768(L),07 Sep 2021,06 Sep 2022,-,-,-,"14001-1,",SIAP DENGAN: CCC PENUH,14001-1/09-2022/02768(P),07 Sep 2021,06 Sep 2022,"RM 300,000.00",146.51mps - 236.90mps,RUMAH TERES,2,0,0,147,11,1,"380,000.00","620,000.00",100.00,SIAP DENGAN: CCC PENUH,"[""3.755385, 101.853873""]",,https://teduh.kpkt.gov.my/project-swasta/14001-1,"(296, '14001-1')"
18,1 4 0 0 1 - 1 - T A M A N   U N I J A Y A,NING YANG PROPERTIES SDN. BHD.,14001,14001-1/09-2022/02768(L),07 Sep 2021,06 Sep 2022,-,-,-,"14001-1,",SIAP DENGAN: CCC PENUH,14001-1/09-2022/02768(P),07 Sep 2021,06 Sep 2022,"RM 300,000.00",146.51mps - 236.90mps,RUMAH TERES,2,0,0,193,10,9,"460,000.00","700,000.00",100.00,SIAP DENGAN: CCC PENUH,"[""3.755385, 101.853873""]",,https://teduh.kpkt.gov.my/project-swasta/14001-1,"(296, '14001-1')"
19,1 4 0 0 1 - 1 - T A M A N   U N I J A Y A,NING YANG PROPERTIES SDN. BHD.,14001,14001-1/09-2022/02768(L),07 Sep 2021,06 Sep 2022,-,-,-,"14001-1,",SIAP DENGAN: CCC PENUH,14001-1/09-2022/02768(P),07 Sep 2021,06 Sep 2022,"RM 300,000.00",146.51mps - 236.90mps,RUMAH TERES,2,0,0,147,33,11,"410,000.00","650,000.00",100.00,SIAP DENGAN: CCC PENUH,"[""3.755385, 101.853873""]",,https://teduh.kpkt.gov.my/project-swasta/14001-1,"(296, '14001-1')"
20,1 4 0 0 1 - 1 - T A M A N   U N I J A Y A,NING YANG PROPERTIES SDN. BHD.,14001,14001-1/09-2022/02768(L),07 Sep 2021,06 Sep 2022,-,-,-,"14001-1,",SIAP DENGAN: CCC PENUH,14001-1/09-2022/02768(P),07 Sep 2021,06 Sep 2022,"RM 300,000.00",146.51mps - 236.90mps,RUMAH TERES,2,0,0,190,30,8,"415,000.00","650,000.00",100.00,SIAP DENGAN: CCC PENUH,"[""3.755385, 101.853873""]",,https://teduh.kpkt.gov.my/project-swasta/14001-1,"(296, '14001-1')"
21,1 4 0 0 4 - 1 - S E N T R A G E N   S D N .   B H D .,SENTRAGEN SDN. BHD.,14004,14004/10-2025/0577(R),26 Oct 2022,25 Oct 2025,-,-,-,"14004-1,",SIAP DENGAN: CCC PENUH,14004-1/05-2017/0440(P),22 May 2015,21 May 2017,"RM 188,000.00",87.92mps,RUMAH TERES,1,0,0,88,23,11,"188,000.00","288,000.00",100.00,SIAP DENGAN: CCC PENUH,"[""2.478758, 102.419039""]",,https://teduh.kpkt.gov.my/project-swasta/14004-1,"(297, '14004-1')"
22,1 4 0 0 4 - 2 - T A M A N   S U R I A,SENTRAGEN SDN. BHD.,14004,14004/10-2025/0577(R),26 Oct 2022,25 Oct 2025,-,-,-,"14004-2,",SIAP DENGAN: CCC PENUH,14004-2/10-2022/03148(P),26 Oct 2021,25 Oct 2022,"RM 228,000.00",0.00mps,RUMAH TERES,1,0,0,0,12,12,"228,000.00","268,000.00",100.00,SIAP DENGAN: CCC PENUH,"[""2.510712, 102.482596""]",,https://teduh.kpkt.gov.my/project-swasta/14004-2,"(298, '14004-2')"
23,1 4 0 0 7 - 1 - A L I L A   2,NILAI ARIF SDN. BHD.,14007,14007-1/07-2020/02360(L),04 Jul 2019,03 Jul 2020,-,-,-,"14007-1,",SIAP DENGAN: CCC PENUH,14007-1/05-2018/01332(P),26 May 2017,25 May 2018,"RM 2,067,427.00",220.70mps,RUMAH PANGSA/KONDO,33,0,0,221,132,87,"2,240,615.00","5,830,496.00",100.00,SIAP DENGAN: CCC PENUH,"[""5.453135, 100.292471""]",,https://teduh.kpkt.gov.my/project-swasta/14007-1,"(299, '14007-1')"
24,1 4 0 0 7 - 1 - A L I L A   2,NILAI ARIF SDN. BHD.,14007,14007-1/07-2020/02360(L),04 Jul 2019,03 Jul 2020,-,-,-,"14007-1,",SIAP DENGAN: CCC PENUH,14007-1/05-2018/01332(P),26 May 2017,25 May 2018,"RM 2,067,427.00",220.70mps,RUMAH PANGSA/KONDO,34,0,0,221,138,87,"2,067,427.00","5,429,914.00",100.00,SIAP DENGAN: CCC PENUH,"[""5.453135, 100.292471""]",,https://teduh.kpkt.gov.my/project-swasta/14007-1,"(299, '14007-1')"
25,1 4 0 1 2 - 6 - E L E M E N,TROPICANA AMAN SDN. BHD.,14012,14012/02-2029/1570(R),15 Feb 2024,14 Feb 2029,0376636357,michelle@tropicanacorp.com.my,-,"14012-6,",SIAP DENGAN: CCC PENUH,14012-6/11-2023/0384(R)-(S),19 Nov 2022,18 Nov 2023,"RM 1,166,800.00",0.00mps - 294.69mps,RUMAH TERES,2,0,0,292,20,0,"1,729,800.00","2,297,800.00",100.00,SIAP DENGAN: CCC PENUH,"[""2.933223, 101.523722""]",,https://teduh.kpkt.gov.my/project-swasta/14012-6,"(262, '14012-6')"
26,1 4 0 1 2 - 6 - E L E M E N,TROPICANA AMAN SDN. BHD.,14012,14012/02-2029/1570(R),15 Feb 2024,14 Feb 2029,0376636357,michelle@tropicanacorp.com.my,-,"14012-6,",SIAP DENGAN: CCC PENUH,14012-6/11-2023/0384(R)-(S),19 Nov 2022,18 Nov 2023,"RM 1,166,800.00",0.00mps - 294.69mps,RUMAH TERES,2,0,0,295,20,0,"1,782,800.00","2,170,800.00",100.00,SIAP DENGAN: CCC PENUH,"[""2.933223, 101.523722""]",,https://teduh.kpkt.gov.my/project-swasta/14012-6,"(262, '14012-6')"
27,1 4 0 1 2 - 6 - E L E M E N,TROPICANA AMAN SDN. BHD.,14012,14012/02-2029/1570(R),15 Feb 2024,14 Feb 2029,0376636357,michelle@tropicanacorp.com.my,-,"14012-6,",SIAP DENGAN: CCC PENUH,14012-6/11-2023/0384(R)-(S),19 Nov 2022,18 Nov 2023,"RM 1,166,800.00",0.00mps - 294.69mps,RUMAH TERES,2,0,0,0 - 295,10,0,"2,102,800.00","2,664,800.00",100.00,SIAP DENGAN: CCC PENUH,"[""2.933223, 101.523722""]",,https://teduh.kpkt.gov.my/project-swasta/14012-6,"(262, '14012-6')"
28,1 4 0 1 2 - 6 - E L E M E N,TROPICANA AMAN SDN. BHD.,14012,14012/02-2029/1570(R),15 Feb 2024,14 Feb 2029,0376636357,michelle@tropicanacorp.com.my,-,"14012-6,",SIAP DENGAN: CCC PENUH,14012-6/11-2023/0384(R)-(S),19 Nov 2022,18 Nov 2023,"RM 1,166,800.00",0.00mps - 294.69mps,RUMAH TERES,2,0,0,0 - 292,20,0,"1,687,800.00","1,800,800.00",100.00,SIAP DENGAN: CCC PENUH,"[""2.933223, 101.523722""]",,https://teduh.kpkt.gov.my/project-swasta/14012-6,"(262, '14012-6')"
29,1 4 0 1 2 - 6 - E L E M E N,TROPICANA AMAN SDN. BHD.,14012,14012/02-2029/1570(R),15 Feb 2024,14 Feb 2029,0376636357,michelle@tropicanacorp.com.my,-,"14012-6,",SIAP DENGAN: CCC PENUH,14012-6/11-2023/0384(R)-(S),19 Nov 2022,18 Nov 2023,"RM 1,166,800.00",0.00mps - 294.69mps,RUMAH TERES,2,0,0,0 - 280,107,0,"1,166,800.00","1,736,800.00",100.00,SIAP DENGAN: CCC PENUH,"[""2.933223, 101.523722""]",,https://teduh.kpkt.gov.my/project-swasta/14012-6,"(262, '14012-6')"
30,1 4 0 1 2 - 6 - E L E M E N,TROPICANA AMAN SDN. BHD.,14012,14012/02-2029/1570(R),15 Feb 2024,14 Feb 2029,0376636357,michelle@tropicanacorp.com.my,-,"14012-6,",SIAP DENGAN: CCC PENUH,14012-6/11-2023/0384(R)-(S),19 Nov 2022,18 Nov 2023,"RM 1,166,800.00",0.00mps - 294.69mps,RUMAH TERES,2,0,0,0 - 284,56,0,"1,508,800.00","1,921,800.00",100.00,SIAP DENGAN: CCC PENUH,"[""2.933223, 101.523722""]",,https://teduh.kpkt.gov.my/project-swasta/14012-6,"(262, '14012-6')"
31,1 4 0 1 2 - 7 - F R E E S I A   R E S I D E N S I,TROPICANA AMAN SDN. BHD.,14012,14012/02-2029/1570(R),15 Feb 2024,14 Feb 2029,0376636357,michelle@tropicanacorp.com.my,-,"14012-7,",LEWAT,14012-7/05-2024/0733(R)-(S),08 May 2023,07 May 2024,"RM 1,846,800.00",0.00mps - 497.40mps,RUMAH BERKEMBAR,2,0,0,0 - 350,48,1,"1,919,800.00","2,564,800.00",77.08,BERJALAN LANCAR,"[""2.951494, 101.546007""]",,https://teduh.kpkt.gov.my/project-swasta/14012-7,"(263, '14012-7')"
32,1 4 0 1 2 - 7 - F R E E S I A   R E S I D E N S I,TROPICANA AMAN SDN. BHD.,14012,14012/02-2029/1570(R),15 Feb 2024,14 Feb 2029,0376636357,michelle@tropicanacorp.com.my,-,"14012-7,",LEWAT,14012-7/05-2024/0733(R)-(S),08 May 2023,07 May 2024,"RM 1,846,800.00",0.00mps - 497.40mps,RUMAH BERKEMBAR,2,0,0,0 - 401,16,0,"2,175,800.00","2,928,800.00",71.88,LEWAT,"[""2.951494, 101.546007""]",,https://teduh.kpkt.gov.my/project-swasta/14012-7,"(263, '14012-7')"
33,1 4 0 1 2 - 7 - F R E E S I A   R E S I D E N S I,TROPICANA AMAN SDN. BHD.,14012,14012/02-2029/1570(R),15 Feb 2024,14 Feb 2029,0376636357,michelle@tropicanacorp.com.my,-,"14012-7,",LEWAT,14012-7/05-2024/0733(R)-(S),08 May 2023,07 May 2024,"RM 1,846,800.00",0.00mps - 497.40mps,RUMAH BERKEMBAR,2,0,0,0 - 344,130,0,"1,846,800.00","2,587,600.00",79.54,BERJALAN LANCAR,"[""2.951494, 101.546007""]",,https://teduh.kpkt.gov.my/project-swasta/14012-7,"(263, '14012-7')"
34,1 4 0 1 2 - 7 - F R E E S I A   R E S I D E N S I,TROPICANA AMAN SDN. BHD.,14012,14012/02-2029/1570(R),15 Feb 2024,14 Feb 2029,0376636357,michelle@tropicanacorp.com.my,-,"14012-7,",LEWAT,14012-7/05-2024/0733(R)-(S),08 May 2023,07 May 2024,"RM 1,846,800.00",0.00mps - 497.40mps,RUMAH SESEBUAH,2,0,0,497,4,0,"3,542,800.00","3,873,600.00",57.50,LEWAT,"[""2.951494, 101.546007""]",,https://teduh.kpkt.gov.my/project-swasta/14012-7,"(263, '14012-7')"
35,1 4 0 1 2 - 8 - G E M A L A   R E S I D E N C E S,TROPICANA AMAN SDN. BHD.,14012,14012/02-2029/1570(R),15 Feb 2024,14 Feb 2029,0376636357,michelle@tropicanacorp.com.my,-,"14012-8,",BERJALAN LANCAR,14012-8/02-2025/0109(R)-(S),15 Feb 2024,14 Feb 2025,"RM 1,540,800.00",0.00mps,RUMAH TERES,2,0,0,0,1,0,"1,860,800.00","1,860,800.00",65.00,BERJALAN LANCAR,"[""2.946865, 101.539350""]",,https://teduh.kpkt.gov.my/project-swasta/14012-8,"(264, '14012-8')"
36,1 4 0 1 2 - 8 - G E M A L A   R E S I D E N C E S,TROPICANA AMAN SDN. BHD.,14012,14012/02-2029/1570(R),15 Feb 2024,14 Feb 2029,0376636357,michelle@tropicanacorp.com.my,-,"14012-8,",BERJALAN LANCAR,14012-8/02-2025/0109(R)-(S),15 Feb 2024,14 Feb 2025,"RM 1,540,800.00",0.00mps,RUMAH TERES,2,0,0,0,12,0,"1,756,800.00","2,055,800.00",66.25,BERJALAN LANCAR,"[""2.946865, 101.539350""]",,https://teduh.kpkt.gov.my/project-swasta/14012-8,"(264, '14012-8')"
37,1 4 0 1 2 - 8 - G E M A L A   R E S I D E N C E S,TROPICANA AMAN SDN. BHD.,14012,14012/02-2029/1570(R),15 Feb 2024,14 Feb 2029,0376636357,michelle@tropicanacorp.com.my,-,"14012-8,",BERJALAN LANCAR,14012-8/02-2025/0109(R)-(S),15 Feb 2024,14 Feb 2025,"RM 1,540,800.00",0.00mps,RUMAH TERES,2,0,0,0,12,0,"1,786,800.00","2,033,800.00",66.25,BERJALAN LANCAR,"[""2.946865, 101.539350""]",,https://teduh.kpkt.gov.my/project-swasta/14012-8,"(264, '14012-8')"
38,1 4 0 1 2 - 8 - G E M A L A   R E S I D E N C E S,TROPICANA AMAN SDN. BHD.,14012,14012/02-2029/1570(R),15 Feb 2024,14 Feb 2029,0376636357,michelle@tropicanacorp.com.my,-,"14012-8,",BERJALAN LANCAR,14012-8/02-2025/0109(R)-(S),15 Feb 2024,14 Feb 2025,"RM 1,540,800.00",0.00mps,RUMAH TERES,2,0,0,0,5,0,"1,949,800.00","1,991,800.00",65.00,BERJALAN LANCAR,"[""2.946865, 101.539350""]",,https://teduh.kpkt.gov.my/project-swasta/14012-8,"(264, '14012-8')"
39,1 4 0 1 2 - 8 - G E M A L A   R E S I D E N C E S,TROPICANA AMAN SDN. BHD.,14012,14012/02-2029/1570(R),15 Feb 2024,14 Feb 2029,0376636357,michelle@tropicanacorp.com.my,-,"14012-8,",BERJALAN LANCAR,14012-8/02-2025/0109(R)-(S),15 Feb 2024,14 Feb 2025,"RM 1,540,800.00",0.00mps,RUMAH TERES,2,0,0,0,44,0,"1,540,800.00","1,572,800.00",65.68,BERJALAN LANCAR,"[""2.946865, 101.539350""]",,https://teduh.kpkt.gov.my/project-swasta/14012-8,"(264, '14012-8')"
40,1 4 0 1 2 - 8 - G E M A L A   R E S I D E N C E S,TROPICANA AMAN SDN. BHD.,14012,14012/02-2029/1570(R),15 Feb 2024,14 Feb 2029,0376636357,michelle@tropicanacorp.com.my,-,"14012-8,",BERJALAN LANCAR,14012-8/02-2025/0109(R)-(S),15 Feb 2024,14 Feb 2025,"RM 1,540,800.00",0.00mps,RUMAH TERES,2,0,0,0,39,0,"1,541,800.00","1,666,800.00",65.77,BERJALAN LANCAR,"[""2.946865, 101.539350""]",,https://teduh.kpkt.gov.my/project-swasta/14012-8,"(264, '14012-8')"
41,1 4 0 1 2 - 8 - G E M A L A   R E S I D E N C E S,TROPICANA AMAN SDN. BHD.,14012,14012/02-2029/1570(R),15 Feb 2024,14 Feb 2029,0376636357,michelle@tropicanacorp.com.my,-,"14012-8,",BERJALAN LANCAR,14012-8/02-2025/0109(R)-(S),15 Feb 2024,14 Feb 2025,"RM 1,540,800.00",0.00mps,RUMAH TERES,2,0,0,0,3,0,"1,541,800.00","1,666,800.00",65.00,BERJALAN LANCAR,"[""2.946865, 101.539350""]",,https://teduh.kpkt.gov.my/project-swasta/14012-8,"(264, '14012-8')"
42,1 4 0 1 2 - 9 - H A N A   R E S I D E N C E S,TROPICANA AMAN SDN. BHD.,14012,14012/02-2029/1570(R),15 Feb 2024,14 Feb 2029,0376636357,michelle@tropicanacorp.com.my,-,"14012-9,",BERJALAN LANCAR,14012-9/10-2025/0242(N)-(S),18 Oct 2022,17 Oct 2025,"RM 2,338,800.00",0.00mps,RUMAH BERKEMBAR,2,0,0,0,44,0,"2,798,800.00","4,084,800.00",47.84,BERJALAN LANCAR,"[""2.946865, 101.539350""]",,https://teduh.kpkt.gov.my/project-swasta/14012-9,"(265, '14012-9')"
43,1 4 0 1 2 - 9 - H A N A   R E S I D E N C E S,TROPICANA AMAN SDN. BHD.,14012,14012/02-2029/1570(R),15 Feb 2024,14 Feb 2029,0376636357,michelle@tropicanacorp.com.my,-,"14012-9,",BERJALAN LANCAR,14012-9/10-2025/0242(N)-(S),18 Oct 2022,17 Oct 2025,"RM 2,338,800.00",0.00mps,RUMAH BERKEMBAR,2,0,0,0,60,5,"2,338,800.00","3,389,800.00",36.08,BERJALAN LANCAR,"[""2.946865, 101.539350""]",,https://teduh.kpkt.gov.my/project-swasta/14012-9,"(265, '14012-9')"
44,1 4 0 1 2 - 9 - H A N A   R E S I D E N C E S,TROPICANA AMAN SDN. BHD.,14012,14012/02-2029/1570(R),15 Feb 2024,14 Feb 2029,0376636357,michelle@tropicanacorp.com.my,-,"14012-9,",BERJALAN LANCAR,14012-9/10-2025/0242(N)-(S),18 Oct 2022,17 Oct 2025,"RM 2,338,800.00",0.00mps,RUMAH SESEBUAH,3,0,0,0,5,0,"6,288,800.00","7,986,800.00",43.50,BERJALAN LANCAR,"[""2.946865, 101.539350""]",,https://teduh.kpkt.gov.my/project-swasta/14012-9,"(265, '14012-9')"
45,1 4 0 1 2 - 9 - H A N A   R E S I D E N C E S,TROPICANA AMAN SDN. BHD.,14012,14012/02-2029/1570(R),15 Feb 2024,14 Feb 2029,0376636357,michelle@tropicanacorp.com.my,-,"14012-9,",BERJALAN LANCAR,14012-9/10-2025/0242(N)-(S),18 Oct 2022,17 Oct 2025,"RM 2,338,800.00",0.00mps,RUMAH SESEBUAH,2,0,0,0,21,6,"4,238,800.00","5,570,800.00",40.36,BERJALAN LANCAR,"[""2.946865, 101.539350""]",,https://teduh.kpkt.gov.my/project-swasta/14012-9,"(265, '14012-9')"
46,1 4 0 1 3 - 1 - T A M A M   D A M A I,VARIASI BERSATU SDN. BHD.,14013,14013/05-2025/0924(R),28 May 2019,27 May 2025,-,-,-,"14013-1,",SIAP DENGAN: CCC PENUH,14013-1/05-2018/01373(P),28 May 2017,27 May 2018,"RM 358,800.00","1,520.00mps",RUMAH TERES,2,0,0,"1,520",14,8,"370,860.00","598,800.00",100.00,SIAP DENGAN: CCC PENUH,"[""5.515342, 100.556427""]",,https://teduh.kpkt.gov.my/project-swasta/14013-1,"(266, '14013-1')"
47,1 4 0 1 3 - 1 - T A M A M   D A M A I,VARIASI BERSATU SDN. BHD.,14013,14013/05-2025/0924(R),28 May 2019,27 May 2025,-,-,-,"14013-1,",SIAP DENGAN: CCC PENUH,14013-1/05-2018/01373(P),28 May 2017,27 May 2018,"RM 358,800.00","1,520.00mps",RUMAH TERES,2,0,0,"1,520",62,11,"358,800.00","568,800.00",100.00,SIAP DENGAN: CCC PENUH,"[""5.515342, 100.556427""]",,https://teduh.kpkt.gov.my/project-swasta/14013-1,"(266, '14013-1')"
48,1 4 0 1 5 - 1 - O A S I S   K O N D O M I N I U M,EMPIRE MULTIPLE SDN. BHD.,14015,14015-1/06-2019/01878(L),06 Jun 2018,05 Jun 2019,-,-,-,"14015-1,",SIAP DENGAN: CCC PENUH,14015-1/06-2018/01560(P),06 Jun 2017,05 Jun 2018,"RM 247,520.00",944.00mps,RUMAH PANGSA/KONDO,13,0,0,944,130,40,"406,920.00","526,150.00",100.00,SIAP DENGAN: CCC PENUH,"[""4.625581, 101.107133""]",,https://teduh.kpkt.gov.my/project-swasta/14015-1,"(267, '14015-1')"
49,1 4 0 1 5 - 1 - O A S I S   K O N D O M I N I U M,EMPIRE MULTIPLE SDN. BHD.,14015,14015-1/06-2019/01878(L),06 Jun 2018,05 Jun 2019,-,-,-,"14015-1,",SIAP DENGAN: CCC PENUH,14015-1/06-2018/01560(P),06 Jun 2017,05 Jun 2018,"RM 247,520.00",944.00mps,RUMAH PANGSA/KONDO,13,0,0,944,130,29,"247,520.00","504,640.00",100.00,SIAP DENGAN: CCC PENUH,"[""4.625581, 101.107133""]",,https://teduh.kpkt.gov.my/project-swasta/14015-1,"(267, '14015-1')"
50,1 4 0 1 6 - 1 - L A M A N   V I E W,HILLSTRAND DEVELOPMENT SDN. BHD.,14016,14016/07-2028/0871(R),02 Jul 2023,01 Jul 2028,-,josephinelim@gadang.com.my,-,"14016-1,",SIAP DENGAN: CCC PENUH,14016-1/06-2017/0474(P),02 Jun 2015,01 Jun 2017,"RM 702,000.00",153.00mps - 172.00mps,RUMAH TERES,2,0,0,172,20,3,"952,900.00","1,346,020.00",100.00,SIAP DENGAN: CCC PENUH,"[""2.900805, 101.639333""]",,https://teduh.kpkt.gov.my/project-swasta/14016-1,"(268, '14016-1')"
51,1 4 0 1 6 - 1 - L A M A N   V I E W,HILLSTRAND DEVELOPMENT SDN. BHD.,14016,14016/07-2028/0871(R),02 Jul 2023,01 Jul 2028,-,josephinelim@gadang.com.my,-,"14016-1,",SIAP DENGAN: CCC PENUH,14016-1/06-2017/0474(P),02 Jun 2015,01 Jun 2017,"RM 702,000.00",153.00mps - 172.00mps,RUMAH TERES,2,0,0,153,64,3,"809,900.00","1,384,630.00",100.00,SIAP DENGAN: CCC PENUH,"[""2.900805, 101.639333""]",,https://teduh.kpkt.gov.my/project-swasta/14016-1,"(268, '14016-1')"
52,1 4 0 1 6 - 1 - L A M A N   V I E W,HILLSTRAND DEVELOPMENT SDN. BHD.,14016,14016/07-2028/0871(R),02 Jul 2023,01 Jul 2028,-,josephinelim@gadang.com.my,-,"14016-1,",SIAP DENGAN: CCC PENUH,14016-1/06-2017/0474(P),02 Jun 2015,01 Jun 2017,"RM 702,000.00",153.00mps - 172.00mps,RUMAH TERES,2,0,0,153,58,1,"702,000.00","1,371,110.00",100.00,SIAP DENGAN: CCC PENUH,"[""2.900805, 101.639333""]",,https://teduh.kpkt.gov.my/project-swasta/14016-1,"(268, '14016-1')"
53,1 4 0 1 6 - 2 - P R 1 M A   O N E   @   L A M A N   V I E W,HILLSTRAND DEVELOPMENT SDN. BHD.,14016,14016/07-2028/0871(R),02 Jul 2023,01 Jul 2028,-,josephinelim@gadang.com.my,-,"14016-2,",SIAP DENGAN: CCC PENUH,14016-2/06-2018/01568(P),07 Jun 2017,06 Jun 2018,"RM 286,000.00",93.00mps,RUMAH PANGSA/KONDO,17,0,0,93,325,4,"286,000.00","422,500.00",100.00,SIAP DENGAN: CCC PENUH,"[""2.900805, 101.639333""]",,https://teduh.kpkt.gov.my/project-swasta/14016-2,"(269, '14016-2')"
54,1 4 0 1 6 - 3 - M A P L E   R E S I D E N C E,HILLSTRAND DEVELOPMENT SDN. BHD.,14016,14016/07-2028/0871(R),02 Jul 2023,01 Jul 2028,-,josephinelim@gadang.com.my,-,"14016-3,",SIAP DENGAN: CCC PENUH,14016-3/02-2020/01538(P),25 Feb 2019,24 Feb 2020,"RM 1,158,000.00",198.00mps - 245.00mps,RUMAH TERES,2,0,0,245,72,20,"1,316,400.00","1,845,600.00",100.00,SIAP DENGAN: CCC PENUH,"[""2.902207, 101.643574""]",,https://teduh.kpkt.gov.my/project-swasta/14016-3,"(270, '14016-3')"
55,1 4 0 1 6 - 3 - M A P L E   R E S I D E N C E,HILLSTRAND DEVELOPMENT SDN. BHD.,14016,14016/07-2028/0871(R),02 Jul 2023,01 Jul 2028,-,josephinelim@gadang.com.my,-,"14016-3,",SIAP DENGAN: CCC PENUH,14016-3/02-2020/01538(P),25 Feb 2019,24 Feb 2020,"RM 1,158,000.00",198.00mps - 245.00mps,RUMAH TERES,2,0,0,226,68,1,"1,225,200.00","1,681,200.00",100.00,SIAP DENGAN: CCC PENUH,"[""2.902207, 101.643574""]",,https://teduh.kpkt.gov.my/project-swasta/14016-3,"(270, '14016-3')"
56,1 4 0 1 6 - 3 - M A P L E   R E S I D E N C E,HILLSTRAND DEVELOPMENT SDN. BHD.,14016,14016/07-2028/0871(R),02 Jul 2023,01 Jul 2028,-,josephinelim@gadang.com.my,-,"14016-3,",SIAP DENGAN: CCC PENUH,14016-3/02-2020/01538(P),25 Feb 2019,24 Feb 2020,"RM 1,158,000.00",198.00mps - 245.00mps,RUMAH TERES,2,0,0,198,54,8,"1,158,000.00","1,328,400.00",100.00,SIAP DENGAN: CCC PENUH,"[""2.902207, 101.643574""]",,https://teduh.kpkt.gov.my/project-swasta/14016-3,"(270, '14016-3')"
57,"1 4 0 1 6 - 4 - P R 1 M A   T W O ,   L A M A N   V I E W   C Y B E R J A Y A",HILLSTRAND DEVELOPMENT SDN. BHD.,14016,14016/07-2028/0871(R),02 Jul 2023,01 Jul 2028,-,josephinelim@gadang.com.my,-,"14016-4,",SIAP DENGAN: CCC PENUH,14016-4/09-2020/02735(P),03 Sep 2019,02 Sep 2020,"RM 315,100.00",93.00mps,RUMAH PANGSA/KONDO,15,0,0,93,234,7,"317,400.00","400,000.00",100.00,SIAP DENGAN: CCC PENUH,"[""2.902207, 101.643574""]",,https://teduh.kpkt.gov.my/project-swasta/14016-4,"(271, '14016-4')"
58,"1 4 0 1 6 - 4 - P R 1 M A   T W O ,   L A M A N   V I E W   C Y B E R J A Y A",HILLSTRAND DEVELOPMENT SDN. BHD.,14016,14016/07-2028/0871(R),02 Jul 2023,01 Jul 2028,-,josephinelim@gadang.com.my,-,"14016-4,",SIAP DENGAN: CCC PENUH,14016-4/09-2020/02735(P),03 Sep 2019,02 Sep 2020,"RM 315,100.00",93.00mps,RUMAH PANGSA/KONDO,15,0,0,93,235,9,"315,100.00","400,000.00",100.00,SIAP DENGAN: CCC PENUH,"[""2.902207, 101.643574""]",,https://teduh.kpkt.gov.my/project-swasta/14016-4,"(271, '14016-4')"
59,1 4 0 1 6 - 5 - M A P L E   R E S I D E N C E,HILLSTRAND DEVELOPMENT SDN. BHD.,14016,14016/07-2028/0871(R),02 Jul 2023,01 Jul 2028,-,josephinelim@gadang.com.my,-,"14016-5,",SIAP DENGAN: CCC PENUH,14016-5/01-2023/01177(P),28 Jan 2022,27 Jan 2023,"RM 980,220.00",198.00mps - 226.00mps,RUMAH TERES,2,0,0,198,70,0,"980,220.00","1,491,250.00",100.00,SIAP DENGAN: CCC PENUH,"[""2.900806, 101.639167""]",,https://teduh.kpkt.gov.my/project-swasta/14016-5,"(272, '14016-5')"
60,1 4 0 1 6 - 5 - M A P L E   R E S I D E N C E,HILLSTRAND DEVELOPMENT SDN. BHD.,14016,14016/07-2028/0871(R),02 Jul 2023,01 Jul 2028,-,josephinelim@gadang.com.my,-,"14016-5,",SIAP DENGAN: CCC PENUH,14016-5/01-2023/01177(P),28 Jan 2022,27 Jan 2023,"RM 980,220.00",198.00mps - 226.00mps,RUMAH TERES,2,0,0,198 - 226,76,0,"1,048,110.00","1,571,250.00",100.00,SIAP DENGAN: CCC PENUH,"[""2.900806, 101.639167""]",,https://teduh.kpkt.gov.my/project-swasta/14016-5,"(272, '14016-5')"
61,1 4 0 1 6 - 6 - C A S S I A   R E S I D E N C E,HILLSTRAND DEVELOPMENT SDN. BHD.,14016,14016/07-2028/0871(R),02 Jul 2023,01 Jul 2028,-,josephinelim@gadang.com.my,-,"14016-6,",BERJALAN LANCAR,14016-6/07-2024/1060(R)-(S),02 Jul 2023,01 Jul 2024,"RM 291,313.20",0.00mps - 88.00mps,RUMAH PANGSA/KONDO,19,0,0,0 - 88,156,1,"332,940.00","402,820.00",67.31,BERJALAN LANCAR,"[""2.903853, 101.643621""]",,https://teduh.kpkt.gov.my/project-swasta/14016-6,"(273, '14016-6')"
62,1 4 0 1 6 - 6 - C A S S I A   R E S I D E N C E,HILLSTRAND DEVELOPMENT SDN. BHD.,14016,14016/07-2028/0871(R),02 Jul 2023,01 Jul 2028,-,josephinelim@gadang.com.my,-,"14016-6,",BERJALAN LANCAR,14016-6/07-2024/1060(R)-(S),02 Jul 2023,01 Jul 2024,"RM 291,313.20",0.00mps - 88.00mps,RUMAH PANGSA/KONDO,19,0,0,0 - 79,144,2,"291,313.20","370,700.00",67.29,BERJALAN LANCAR,"[""2.903853, 101.643621""]",,https://teduh.kpkt.gov.my/project-swasta/14016-6,"(273, '14016-6')"
63,1 4 0 1 9 - 1 - K E N   L E Y   P R O P E R T I E S   S D N   B H D,KEN LEY PROPERTIES SDN. BHD.,14019,14019-2/02-2023/01414(L),21 Feb 2022,20 Feb 2023,0127009202,klpsb2012@gmail.com,-,"14019-1,",SIAP DENGAN: CCC PENUH,14019-1/05-2017/0489(P),30 May 2015,29 May 2017,"RM 413,800.00","1,545.00mps",RUMAH BERKEMBAR,1,0,0,"1,545",14,0,"413,800.00","559,000.00",100.00,SIAP DENGAN: CCC PENUH,"[""1.507744, 103.406232""]",,https://teduh.kpkt.gov.my/project-swasta/14019-1,"(274, '14019-1')"
64,1 4 0 1 9 - 2 - K E N   L E Y   P R O P E R T I E S   S D N   B H D,KEN LEY PROPERTIES SDN. BHD.,14019,14019-2/02-2023/01414(L),21 Feb 2022,20 Feb 2023,0127009202,klpsb2012@gmail.com,-,"14019-2,",SIAP DENGAN: CCC PENUH,14019-2/02-2023/01414(A)-(L),21 Feb 2022,20 Feb 2023,"RM 450,000.00","113.38mps - 1,648.00mps",RUMAH KLUSTER,1,0,0,"113 - 1,219",20,5,"450,000.00","535,000.00",100.00,SIAP DENGAN: CCC PENUH,"[""1.516481, 103.503998""]",,https://teduh.kpkt.gov.my/project-swasta/14019-2,"(275, '14019-2')"
65,1 4 0 1 9 - 2 - K E N   L E Y   P R O P E R T I E S   S D N   B H D,KEN LEY PROPERTIES SDN. BHD.,14019,14019-2/02-2023/01414(L),21 Feb 2022,20 Feb 2023,0127009202,klpsb2012@gmail.com,-,"14019-2,",SIAP DENGAN: CCC PENUH,14019-2/02-2023/01414(A)-(L),21 Feb 2022,20 Feb 2023,"RM 450,000.00","113.38mps - 1,648.00mps",RUMAH BERKEMBAR,1,0,0,"1,648",4,0,"520,000.00","600,000.00",100.00,SIAP DENGAN: CCC PENUH,"[""1.516481, 103.503998""]",,https://teduh.kpkt.gov.my/project-swasta/14019-2,"(275, '14019-2')"
66,1 4 0 2 0 - 1 - E C O   B O T A N I C   S D N .   B H D .,ECO BOTANIC SDN. BHD.,14020,14020/12-2027/1475(A),30 Dec 2022,29 Dec 2027,6075715252,kpktecobotanic@ecoworld.my,-,"14020-1,",SIAP DENGAN: CCC PENUH,14020-1/06-2019/02045(P),04 Jun 2018,03 Jun 2019,"RM 1,708,000.00",253.78mps - 271.13mps,RUMAH TERES,3,0,0,271,130,58,"2,072,000.00","2,632,000.00",100.00,SIAP DENGAN: CCC PENUH,"[""1.444806, 103.622832""]",,https://teduh.kpkt.gov.my/project-swasta/14020-1,"(276, '14020-1')"
67,1 4 0 2 0 - 1 - E C O   B O T A N I C   S D N .   B H D .,ECO BOTANIC SDN. BHD.,14020,14020/12-2027/1475(A),30 Dec 2022,29 Dec 2027,6075715252,kpktecobotanic@ecoworld.my,-,"14020-1,",SIAP DENGAN: CCC PENUH,14020-1/06-2019/02045(P),04 Jun 2018,03 Jun 2019,"RM 1,708,000.00",253.78mps - 271.13mps,RUMAH TERES,3,0,0,254,178,109,"1,708,000.00","2,360,000.00",100.00,SIAP DENGAN: CCC PENUH,"[""1.444806, 103.622832""]",,https://teduh.kpkt.gov.my/project-swasta/14020-1,"(276, '14020-1')"
68,1 4 0 2 0 - 2 - E C O   B O T A N I C   S D N .   B H D .,ECO BOTANIC SDN. BHD.,14020,14020/12-2027/1475(A),30 Dec 2022,29 Dec 2027,6075715252,kpktecobotanic@ecoworld.my,-,"14020-2,",SIAP DENGAN: CCC PENUH,14020-2/07-2021/02427(A)-(S),12 Jul 2020,11 Jul 2021,"RM 2,730,000.00",367.15mps,RUMAH BERKEMBAR,3,0,0,367,24,12,"2,730,000.00","4,548,000.00",100.00,SIAP DENGAN: CCC PENUH,"[""1.444805, 103.622832""]",,https://teduh.kpkt.gov.my/project-swasta/14020-2,"(277, '14020-2')"
69,1 4 0 2 0 - 3 - E C O   B O T A N I C   S D N .   B H D .,ECO BOTANIC SDN. BHD.,14020,14020/12-2027/1475(A),30 Dec 2022,29 Dec 2027,6075715252,kpktecobotanic@ecoworld.my,-,"14020-3,",BERJALAN LANCAR,14020-3/12-2024/1705(R)-(S),30 Dec 2023,29 Dec 2024,"RM 80,000.00",0.00mps,RUMAH PANGSA/KONDO,11,0,0,0,37,12,"80,000.00","80,000.00",49.19,BERJALAN LANCAR,"[""1.531221, 103.569309""]",,https://teduh.kpkt.gov.my/project-swasta/14020-3,"(278, '14020-3')"
70,1 4 0 2 0 - 3 - E C O   B O T A N I C   S D N .   B H D .,ECO BOTANIC SDN. BHD.,14020,14020/12-2027/1475(A),30 Dec 2022,29 Dec 2027,6075715252,kpktecobotanic@ecoworld.my,-,"14020-3,",BERJALAN LANCAR,14020-3/12-2024/1705(R)-(S),30 Dec 2023,29 Dec 2024,"RM 80,000.00",0.00mps,RUMAH PANGSA/KONDO,11,0,0,0,163,118,"80,000.00","80,000.00",49.82,BERJALAN LANCAR,"[""1.531221, 103.569309""]",,https://teduh.kpkt.gov.my/project-swasta/14020-3,"(278, '14020-3')"
71,1 4 0 2 0 - 4 - E C O   B O T A N I C   S D N .   B H D .,ECO BOTANIC SDN. BHD.,14020,14020/12-2027/1475(A),30 Dec 2022,29 Dec 2027,6075715252,kpktecobotanic@ecoworld.my,-,"14020-4,",SIAP DENGAN: CCC PENUH,14020-4/10-2021/0904(P),08 Oct 2019,07 Oct 2021,"RM 2,553,600.00",253.78mps - 360.00mps,RUMAH BERKEMBAR,3,0,0,358,2,0,"3,254,400.00","3,626,400.00",100.00,SIAP DENGAN: CCC PENUH,"[""1.445904, 103.620351""]",,https://teduh.kpkt.gov.my/project-swasta/14020-4,"(279, '14020-4')"
72,1 4 0 2 0 - 4 - E C O   B O T A N I C   S D N .   B H D .,ECO BOTANIC SDN. BHD.,14020,14020/12-2027/1475(A),30 Dec 2022,29 Dec 2027,6075715252,kpktecobotanic@ecoworld.my,-,"14020-4,",SIAP DENGAN: CCC PENUH,14020-4/10-2021/0904(P),08 Oct 2019,07 Oct 2021,"RM 2,553,600.00",253.78mps - 360.00mps,RUMAH BERKEMBAR,3,0,0,351,2,2,"3,130,800.00","3,502,800.00",100.00,SIAP DENGAN: CCC PENUH,"[""1.445904, 103.620351""]",,https://teduh.kpkt.gov.my/project-swasta/14020-4,"(279, '14020-4')"
73,1 4 0 2 0 - 4 - E C O   B O T A N I C   S D N .   B H D .,ECO BOTANIC SDN. BHD.,14020,14020/12-2027/1475(A),30 Dec 2022,29 Dec 2027,6075715252,kpktecobotanic@ecoworld.my,-,"14020-4,",SIAP DENGAN: CCC PENUH,14020-4/10-2021/0904(P),08 Oct 2019,07 Oct 2021,"RM 2,553,600.00",253.78mps - 360.00mps,RUMAH BERKEMBAR,3,0,0,360,2,2,"3,516,000.00","4,249,200.00",100.00,SIAP DENGAN: CCC PENUH,"[""1.445904, 103.620351""]",,https://teduh.kpkt.gov.my/project-swasta/14020-4,"(279, '14020-4')"
74,1 4 0 2 0 - 4 - E C O   B O T A N I C   S D N .   B H D .,ECO BOTANIC SDN. BHD.,14020,14020/12-2027/1475(A),30 Dec 2022,29 Dec 2027,6075715252,kpktecobotanic@ecoworld.my,-,"14020-4,",SIAP DENGAN: CCC PENUH,14020-4/10-2021/0904(P),08 Oct 2019,07 Oct 2021,"RM 2,553,600.00",253.78mps - 360.00mps,RUMAH BERKEMBAR,3,0,0,271,1,1,"2,760,000.00","2,760,000.00",100.00,SIAP DENGAN: CCC PENUH,"[""1.445904, 103.620351""]",,https://teduh.kpkt.gov.my/project-swasta/14020-4,"(279, '14020-4')"
75,1 4 0 2 0 - 4 - E C O   B O T A N I C   S D N .   B H D .,ECO BOTANIC SDN. BHD.,14020,14020/12-2027/1475(A),30 Dec 2022,29 Dec 2027,6075715252,kpktecobotanic@ecoworld.my,-,"14020-4,",SIAP DENGAN: CCC PENUH,14020-4/10-2021/0904(P),08 Oct 2019,07 Oct 2021,"RM 2,553,600.00",253.78mps - 360.00mps,RUMAH BERKEMBAR,3,0,0,254,1,0,"2,553,600.00","2,553,600.00",100.00,SIAP DENGAN: CCC PENUH,"[""1.445904, 103.620351""]",,https://teduh.kpkt.gov.my/project-swasta/14020-4,"(279, '14020-4')"
76,1 4 0 2 0 - 4 - E C O   B O T A N I C   S D N .   B H D .,ECO BOTANIC SDN. BHD.,14020,14020/12-2027/1475(A),30 Dec 2022,29 Dec 2027,6075715252,kpktecobotanic@ecoworld.my,-,"14020-4,",SIAP DENGAN: CCC PENUH,14020-4/10-2021/0904(P),08 Oct 2019,07 Oct 2021,"RM 2,553,600.00",253.78mps - 360.00mps,RUMAH BERKEMBAR,3,0,0,360,4,4,"3,482,400.00","3,999,600.00",100.00,SIAP DENGAN: CCC PENUH,"[""1.445904, 103.620351""]",,https://teduh.kpkt.gov.my/project-swasta/14020-4,"(279, '14020-4')"
77,1 4 0 2 0 - 5 - R E S I D E N S I   K O M E R S I A L   B O T A N I   S A Y A N G,ECO BOTANIC SDN. BHD.,14020,14020/12-2027/1475(A),30 Dec 2022,29 Dec 2027,6075715252,kpktecobotanic@ecoworld.my,-,"14020-5,",BERJALAN LANCAR,14020-5/09-2026/1039(N)-(S),15 Sep 2023,14 Sep 2026,"RM 454,300.00",0.00mps,PANGSAPURI SERVIS,24,"2, 3, 4","2, 3",0,383,80,"454,300.00","595,100.00",5.00,BERJALAN LANCAR,"[""1.439692, 103.617754""]",,https://teduh.kpkt.gov.my/project-swasta/14020-5,"(280, '14020-5')"
78,1 4 0 2 1 - 1 - D E L I M A   V I L L A G E,RANGKAIAN DELIMA REALTY SDN. BHD.,14021,14021-1/06-2017/0497(L),03 Jun 2015,02 Jun 2017,-,-,-,"14021-1,",PERMIT TELAH DIBATALKAN,14021-1/06-2017/0497(P),03 Jun 2015,02 Jun 2017,"RM 401,000.00",0.00mps,RUMAH TERES,2,0,0,0,23,23,"401,000.00","540,000.00",0.00,BELUM MULA,"[""3.748388, 103.314058""]",,https://teduh.kpkt.gov.my/project-swasta/14021-1,"(281, '14021-1')"
79,1 4 0 2 3 - 1 - M S J   D E V E L O P M E N T   S D N .   B H D .,MSJ DEVELOPMENT SDN. BHD.,14023,14023-1/04-2022/01797(L),13 Apr 2021,12 Apr 2022,-,-,-,"14023-1,",PERMIT TELAH DIBATALKAN,14023-1/02-2021/01668(P),19 Feb 2020,18 Feb 2021,"RM 1,291,600.00",0.00mps,RUMAH BERKEMBAR,3,0,0,0,16,16,"1,291,600.00","1,405,760.00",0.00,BELUM MULA,"[""1.886596, 102.940677""]",,https://teduh.kpkt.gov.my/project-swasta/14023-1,"(282, '14023-1')"
80,1 4 0 2 3 - 1 - M S J   D E V E L O P M E N T   S D N .   B H D .,MSJ DEVELOPMENT SDN. BHD.,14023,14023-1/04-2022/01797(L),13 Apr 2021,12 Apr 2022,-,-,-,"14023-1,",PERMIT TELAH DIBATALKAN,14023-1/02-2021/01668(P),19 Feb 2020,18 Feb 2021,"RM 1,291,600.00",0.00mps,RUMAH SESEBUAH,3,0,0,0,1,1,"2,213,360.00","2,213,360.00",0.00,BELUM MULA,"[""1.886596, 102.940677""]",,https://teduh.kpkt.gov.my/project-swasta/14023-1,"(282, '14023-1')"
81,1 4 0 2 4 - 1 - T A M A N   T E K K A H   I M P I A N,KL TEH LAND & DEVELOPMENT SDN. BHD.,14024,14024/12-2025/1498(R),22 Dec 2022,21 Dec 2025,-,-,-,"14024-1,",SIAP DENGAN: CCC PENUH,14024-1/06-2017/0503(P),04 Jun 2015,03 Jun 2017,"RM 210,000.00",98.00mps - 198.00mps,RUMAH TERES,1,0,0,98,182,0,"210,000.00","414,200.00",100.00,SIAP DENGAN: CCC PENUH,"[""4.855886, 100.704366""]",,https://teduh.kpkt.gov.my/project-swasta/14024-1,"(283, '14024-1')"
82,1 4 0 2 4 - 1 - T A M A N   T E K K A H   I M P I A N,KL TEH LAND & DEVELOPMENT SDN. BHD.,14024,14024/12-2025/1498(R),22 Dec 2022,21 Dec 2025,-,-,-,"14024-1,",SIAP DENGAN: CCC PENUH,14024-1/06-2017/0503(P),04 Jun 2015,03 Jun 2017,"RM 210,000.00",98.00mps - 198.00mps,RUMAH TERES,2,0,0,198,31,0,"313,000.00","526,000.00",100.00,SIAP DENGAN: CCC PENUH,"[""4.855886, 100.704366""]",,https://teduh.kpkt.gov.my/project-swasta/14024-1,"(283, '14024-1')"
83,1 4 0 2 4 - 2 - T A M A N   S E K I A H   M A K M U R,KL TEH LAND & DEVELOPMENT SDN. BHD.,14024,14024/12-2025/1498(R),22 Dec 2022,21 Dec 2025,-,-,-,"14024-2,",SIAP DENGAN: CCC PENUH,14024-2/03-2019/0238(P),01 Apr 2017,31 Mar 2019,"RM 186,000.00",88.00mps,RUMAH TERES,1,0,0,88,172,0,"186,000.00","400,000.00",100.00,SIAP DENGAN: CCC PENUH,"[""3.752944, 101.504472""]",,https://teduh.kpkt.gov.my/project-swasta/14024-2,"(284, '14024-2')"
84,1 4 0 2 4 - 2 - T A M A N   S E K I A H   M A K M U R,KL TEH LAND & DEVELOPMENT SDN. BHD.,14024,14024/12-2025/1498(R),22 Dec 2022,21 Dec 2025,-,-,-,"14024-2,",SIAP DENGAN: CCC PENUH,14024-2/03-2019/0238(P),01 Apr 2017,31 Mar 2019,"RM 186,000.00",88.00mps,RUMAH TERES,1,0,0,88,96,0,"186,000.00","400,000.00",100.00,SIAP DENGAN: CCC PENUH,"[""3.752944, 101.504472""]",,https://teduh.kpkt.gov.my/project-swasta/14024-2,"(284, '14024-2')"
85,1 4 0 2 4 - 3 - T A M A N   J A N A   H A R M O N I,KL TEH LAND & DEVELOPMENT SDN. BHD.,14024,14024/12-2025/1498(R),22 Dec 2022,21 Dec 2025,-,-,-,"14024-3,",SIAP DENGAN: CCC PENUH,14024-3/10-2019/0878(P),01 Nov 2017,31 Oct 2019,"RM 250,000.00",98.00mps - 107.00mps,RUMAH TERES,1,0,0,98,225,0,"250,000.00","397,260.00",100.00,SIAP DENGAN: CCC PENUH,"[""4.897342, 100.737464""]",,https://teduh.kpkt.gov.my/project-swasta/14024-3,"(285, '14024-3')"
86,1 4 0 2 4 - 3 - T A M A N   J A N A   H A R M O N I,KL TEH LAND & DEVELOPMENT SDN. BHD.,14024,14024/12-2025/1498(R),22 Dec 2022,21 Dec 2025,-,-,-,"14024-3,",SIAP DENGAN: CCC PENUH,14024-3/10-2019/0878(P),01 Nov 2017,31 Oct 2019,"RM 250,000.00",98.00mps - 107.00mps,RUMAH TERES,1,0,0,107,48,0,"288,000.00","439,500.00",100.00,SIAP DENGAN: CCC PENUH,"[""4.897342, 100.737464""]",,https://teduh.kpkt.gov.my/project-swasta/14024-3,"(285, '14024-3')"
87,1 4 0 2 4 - 4 - B E R N A M   P E R D A N A,KL TEH LAND & DEVELOPMENT SDN. BHD.,14024,14024/12-2025/1498(R),22 Dec 2022,21 Dec 2025,-,-,-,"14024-4,",SIAP DENGAN: CCC PENUH,14024-4/02-2021/01608(P),21 Feb 2020,20 Feb 2021,"RM 260,000.00",102.20mps - 137.50mps,RUMAH TERES,1.5,0,0,138,12,2,"358,000.00","474,880.00",100.00,SIAP DENGAN: CCC PENUH,"[""3.692492, 101.537328""]",,https://teduh.kpkt.gov.my/project-swasta/14024-4,"(286, '14024-4')"
88,1 4 0 2 4 - 4 - B E R N A M   P E R D A N A,KL TEH LAND & DEVELOPMENT SDN. BHD.,14024,14024/12-2025/1498(R),22 Dec 2022,21 Dec 2025,-,-,-,"14024-4,",SIAP DENGAN: CCC PENUH,14024-4/02-2021/01608(P),21 Feb 2020,20 Feb 2021,"RM 260,000.00",102.20mps - 137.50mps,RUMAH TERES,1,0,0,102,215,1,"260,000.00","421,920.00",100.00,SIAP DENGAN: CCC PENUH,"[""3.692492, 101.537328""]",,https://teduh.kpkt.gov.my/project-swasta/14024-4,"(286, '14024-4')"
89,1 4 0 2 4 - 4 - B E R N A M   P E R D A N A,KL TEH LAND & DEVELOPMENT SDN. BHD.,14024,14024/12-2025/1498(R),22 Dec 2022,21 Dec 2025,-,-,-,"14024-4,",SIAP DENGAN: CCC PENUH,14024-4/02-2021/01608(P),21 Feb 2020,20 Feb 2021,"RM 260,000.00",102.20mps - 137.50mps,RUMAH TERES,1.5,0,0,138,18,3,"358,000.00","506,160.00",100.00,SIAP DENGAN: CCC PENUH,"[""3.692492, 101.537328""]",,https://teduh.kpkt.gov.my/project-swasta/14024-4,"(286, '14024-4')"
90,1 4 0 2 4 - 5 - T A M A N   J A N A   H A R M O N I,KL TEH LAND & DEVELOPMENT SDN. BHD.,14024,14024/12-2025/1498(R),22 Dec 2022,21 Dec 2025,-,-,-,"14024-5,",SIAP DENGAN: CCC PENUH,14024-5/02-2021/0158(P),20 Feb 2019,19 Feb 2021,"RM 368,800.00",121.00mps,RUMAH BERKEMBAR,1,0,0,121,88,0,"368,800.00","472,500.00",100.00,SIAP DENGAN: CCC PENUH,"[""4.898188, 100.739260""]",,https://teduh.kpkt.gov.my/project-swasta/14024-5,"(237, '14024-5')"
91,1 4 0 2 4 - 6 - B E R N A M   P E R D A N A,KL TEH LAND & DEVELOPMENT SDN. BHD.,14024,14024/12-2025/1498(R),22 Dec 2022,21 Dec 2025,-,-,-,"14024-6,",SIAP DENGAN: CCC PENUH,14024-6/10-2021/0894(P),04 Oct 2019,03 Oct 2021,"RM 238,000.00",102.20mps,RUMAH TERES,1,0,0,102,55,1,"238,000.00","268,000.00",100.00,SIAP DENGAN: CCC PENUH,"[""3.690966, 101.537036""]",,https://teduh.kpkt.gov.my/project-swasta/14024-6,"(238, '14024-6')"
92,1 4 0 2 4 - 7 - T A M A N   A S A M   K U M B A N G   H A R M O N I,KL TEH LAND & DEVELOPMENT SDN. BHD.,14024,14024/12-2025/1498(R),22 Dec 2022,21 Dec 2025,-,-,-,"14024-7,",SIAP DENGAN: CCC PENUH,14024-7/12-2023/0865(R)-(L),17 Dec 2022,16 Dec 2023,"RM 443,000.00",127.00mps,RUMAH TERES,2,0,0,127,58,0,"443,000.00","599,000.00",100.00,SIAP DENGAN: CCC PENUH,"[""4.855273, 100.728270""]",,https://teduh.kpkt.gov.my/project-swasta/14024-7,"(239, '14024-7')"
93,1 4 0 2 4 - 8 - T A M A N   J A N A   M U R N I,KL TEH LAND & DEVELOPMENT SDN. BHD.,14024,14024/12-2025/1498(R),22 Dec 2022,21 Dec 2025,-,-,-,"14024-8,",BERJALAN LANCAR,14024-8/09-2024/0175(N)-(L),14 Sep 2022,13 Sep 2024,"RM 310,000.00",107.00mps,RUMAH TERES,1,3,2,107,28,0,"310,000.00","426,000.00",54.29,BERJALAN LANCAR,"[""4.897702, 100.746830""]",,https://teduh.kpkt.gov.my/project-swasta/14024-8,"(240, '14024-8')"
94,1 4 0 2 4 - 8 - T A M A N   J A N A   M U R N I,KL TEH LAND & DEVELOPMENT SDN. BHD.,14024,14024/12-2025/1498(R),22 Dec 2022,21 Dec 2025,-,-,-,"14024-8,",BERJALAN LANCAR,14024-8/09-2024/0175(N)-(L),14 Sep 2022,13 Sep 2024,"RM 310,000.00",107.00mps,RUMAH TERES,1,0,0,107,2,0,"398,000.00","411,000.00",70.00,BERJALAN LANCAR,"[""4.897702, 100.746830""]",,https://teduh.kpkt.gov.my/project-swasta/14024-8,"(240, '14024-8')"
95,1 4 0 2 6 - 1 - M E D A N   P E N G K A L A N   S E T I A,METROVIEW DEVELOPMENT SDN. BHD.,14026,14026/02-2027/0060(R),24 Feb 2024,23 Feb 2027,-,-,-,"14026-1,",SIAP DENGAN: CCC PENUH,14026-1/06-2017/0509(P),04 Jun 2015,03 Jun 2017,"RM 408,800.00",206.40mps - 244.00mps,RUMAH TERES,2,0,0,206,36,18,"408,800.00","582,000.00",100.00,SIAP DENGAN: CCC PENUH,"[""4.544804, 101.086920""]",,https://teduh.kpkt.gov.my/project-swasta/14026-1,"(241, '14026-1')"
96,1 4 0 2 6 - 1 - M E D A N   P E N G K A L A N   S E T I A,METROVIEW DEVELOPMENT SDN. BHD.,14026,14026/02-2027/0060(R),24 Feb 2024,23 Feb 2027,-,-,-,"14026-1,",SIAP DENGAN: CCC PENUH,14026-1/06-2017/0509(P),04 Jun 2015,03 Jun 2017,"RM 408,800.00",206.40mps - 244.00mps,RUMAH TERES,2,0,0,244,18,10,"468,800.00","693,000.00",100.00,SIAP DENGAN: CCC PENUH,"[""4.544804, 101.086920""]",,https://teduh.kpkt.gov.my/project-swasta/14026-1,"(241, '14026-1')"
97,1 4 0 2 6 - 2 - M E T R O V I E W   D E V E L O P M E N T   S D N .   B H D .,METROVIEW DEVELOPMENT SDN. BHD.,14026,14026/02-2027/0060(R),24 Feb 2024,23 Feb 2027,-,-,-,"14026-2,",SIAP DENGAN: CCC PENUH,14026-2/12-2018/01026(P),30 Dec 2016,29 Dec 2018,"RM 269,800.00",206.40mps,RUMAH TERES,2,0,0,206,19,1,"269,800.00","399,947.00",100.00,SIAP DENGAN: CCC PENUH,"[""4.544804, 101.086920""]",,https://teduh.kpkt.gov.my/project-swasta/14026-2,"(242, '14026-2')"
98,1 4 0 2 6 - 3 - M E D A N   P E N G K A L A N   S E T I A,METROVIEW DEVELOPMENT SDN. BHD.,14026,14026/02-2027/0060(R),24 Feb 2024,23 Feb 2027,-,-,-,"14026-3,",SIAP DENGAN: CCC PENUH,14026-3/03-2019/0231(P),30 Mar 2017,29 Mar 2019,"RM 442,286.00",165.20mps - 243.80mps,RUMAH TERES,2,0,0,244,7,1,"442,286.00","523,953.00",100.00,SIAP DENGAN: CCC PENUH,"[""4.544804, 101.086920""]",,https://teduh.kpkt.gov.my/project-swasta/14026-3,"(243, '14026-3')"
99,1 4 0 2 6 - 3 - M E D A N   P E N G K A L A N   S E T I A,METROVIEW DEVELOPMENT SDN. BHD.,14026,14026/02-2027/0060(R),24 Feb 2024,23 Feb 2027,-,-,-,"14026-3,",SIAP DENGAN: CCC PENUH,14026-3/03-2019/0231(P),30 Mar 2017,29 Mar 2019,"RM 442,286.00",165.20mps - 243.80mps,RUMAH BERKEMBAR,1,0,0,165,6,3,"442,495.00","475,217.00",100.00,SIAP DENGAN: CCC PENUH,"[""4.544804, 101.086920""]",,https://teduh.kpkt.gov.my/project-swasta/14026-3,"(243, '14026-3')"
100,1 4 0 2 6 - 4 - M E D A N   P E N G K A L A N   S E T I A,METROVIEW DEVELOPMENT SDN. BHD.,14026,14026/02-2027/0060(R),24 Feb 2024,23 Feb 2027,-,-,-,"14026-4,",SIAP DENGAN: CCC PENUH,14026-4/04-2019/0282(P),19 Apr 2017,18 Apr 2019,"RM 419,800.00",206.40mps,RUMAH TERES,2,0,0,206,20,11,"419,800.00","547,400.00",100.00,SIAP DENGAN: CCC PENUH,"[""4.544804, 101.086920""]",,https://teduh.kpkt.gov.my/project-swasta/14026-4,"(244, '14026-4')"
101,1 4 0 2 6 - 5 - M E D A N   P E N G K A L A N   S E T I A,METROVIEW DEVELOPMENT SDN. BHD.,14026,14026/02-2027/0060(R),24 Feb 2024,23 Feb 2027,-,-,-,"14026-5,",SIAP DENGAN: CCC PENUH,14026-5/07-2019/0457(P),07 Jul 2017,06 Jul 2019,"RM 369,800.00",182.00mps,RUMAH TERES,2,0,0,182,37,19,"369,800.00","477,680.00",100.00,SIAP DENGAN: CCC PENUH,"[""4.544804, 101.086920""]",,https://teduh.kpkt.gov.my/project-swasta/14026-5,"(245, '14026-5')"
102,1 4 0 2 6 - 6 - M E T R O V I E W   D E V E L O P M E N T   S D N .   B H D .,METROVIEW DEVELOPMENT SDN. BHD.,14026,14026/02-2027/0060(R),24 Feb 2024,23 Feb 2027,-,-,-,"14026-6,",SIAP DENGAN: CCC PENUH,14026-6/03-2022/0275(P),28 Mar 2020,27 Mar 2022,"RM 322,800.00",113.20mps,RUMAH TERES,1,0,0,113,74,0,"322,800.00","529,800.00",100.00,SIAP DENGAN: CCC PENUH,"[""4.566467, 101.126956""]",,https://teduh.kpkt.gov.my/project-swasta/14026-6,"(246, '14026-6')"
103,1 4 0 2 6 - 7 - T A M A N   S R I   K L E B A N G,METROVIEW DEVELOPMENT SDN. BHD.,14026,14026/02-2027/0060(R),24 Feb 2024,23 Feb 2027,-,-,-,"14026-7,",BERJALAN LANCAR,14026-7/02-2024/0127(A)-(L),24 Feb 2022,23 Feb 2024,"RM 308,000.00",122.53mps - 146.59mps,RUMAH TERES,1,0,0,123 - 126,22,3,"308,000.00","411,000.00",97.50,BERJALAN LANCAR,"[""4.702522, 101.116177""]",,https://teduh.kpkt.gov.my/project-swasta/14026-7,"(247, '14026-7')"
104,1 4 0 2 6 - 7 - T A M A N   S R I   K L E B A N G,METROVIEW DEVELOPMENT SDN. BHD.,14026,14026/02-2027/0060(R),24 Feb 2024,23 Feb 2027,-,-,-,"14026-7,",BERJALAN LANCAR,14026-7/02-2024/0127(A)-(L),24 Feb 2022,23 Feb 2024,"RM 308,000.00",122.53mps - 146.59mps,RUMAH BERKEMBAR,1,0,0,147,4,0,"455,000.00","490,000.00",97.50,BERJALAN LANCAR,"[""4.702522, 101.116177""]",,https://teduh.kpkt.gov.my/project-swasta/14026-7,"(247, '14026-7')"
105,1 4 0 2 6 - 7 - T A M A N   S R I   K L E B A N G,METROVIEW DEVELOPMENT SDN. BHD.,14026,14026/02-2027/0060(R),24 Feb 2024,23 Feb 2027,-,-,-,"14026-7,",BERJALAN LANCAR,14026-7/02-2024/0127(A)-(L),24 Feb 2022,23 Feb 2024,"RM 308,000.00",122.53mps - 146.59mps,RUMAH TERES,1,0,0,123 - 126,22,1,"316,000.00","428,000.00",97.50,BERJALAN LANCAR,"[""4.702522, 101.116177""]",,https://teduh.kpkt.gov.my/project-swasta/14026-7,"(247, '14026-7')"
106,1 4 0 2 6 - 7 - T A M A N   S R I   K L E B A N G,METROVIEW DEVELOPMENT SDN. BHD.,14026,14026/02-2027/0060(R),24 Feb 2024,23 Feb 2027,-,-,-,"14026-7,",BERJALAN LANCAR,14026-7/02-2024/0127(A)-(L),24 Feb 2022,23 Feb 2024,"RM 308,000.00",122.53mps - 146.59mps,RUMAH TERES,1,0,0,123 - 126,14,0,"316,000.00","485,000.00",97.50,BERJALAN LANCAR,"[""4.702522, 101.116177""]",,https://teduh.kpkt.gov.my/project-swasta/14026-7,"(247, '14026-7')"
107,1 4 0 2 7 - 1 - V I V A   M E W A H   D E V E L O P M E N T   S D N   B H D,VIVA MEWAH DEVELOPMENT SDN. BHD.,14027,14027/11-2024/1110(A),21 Nov 2019,20 Nov 2024,-,-,-,"14027-1,",SIAP DENGAN: CCC PENUH,14027-1/11-2019/03190(A)-(L),21 Nov 2018,20 Nov 2019,"RM 241,110.00",93.13mps - 175.07mps,RUMAH TERES,2,0,0,175,10,9,"389,100.00","389,100.00",100.00,SIAP DENGAN: CCC PENUH,"[""5.451488, 101.138645""]",,https://teduh.kpkt.gov.my/project-swasta/14027-1,"(248, '14027-1')"
108,1 4 0 2 7 - 1 - V I V A   M E W A H   D E V E L O P M E N T   S D N   B H D,VIVA MEWAH DEVELOPMENT SDN. BHD.,14027,14027/11-2024/1110(A),21 Nov 2019,20 Nov 2024,-,-,-,"14027-1,",SIAP DENGAN: CCC PENUH,14027-1/11-2019/03190(A)-(L),21 Nov 2018,20 Nov 2019,"RM 241,110.00",93.13mps - 175.07mps,RUMAH TERES,2,0,0,175,1,0,"460,000.00","460,000.00",100.00,SIAP DENGAN: CCC PENUH,"[""5.451488, 101.138645""]",,https://teduh.kpkt.gov.my/project-swasta/14027-1,"(248, '14027-1')"
109,1 4 0 2 7 - 1 - V I V A   M E W A H   D E V E L O P M E N T   S D N   B H D,VIVA MEWAH DEVELOPMENT SDN. BHD.,14027,14027/11-2024/1110(A),21 Nov 2019,20 Nov 2024,-,-,-,"14027-1,",SIAP DENGAN: CCC PENUH,14027-1/11-2019/03190(A)-(L),21 Nov 2018,20 Nov 2019,"RM 241,110.00",93.13mps - 175.07mps,RUMAH TERES,1,0,0,172,1,1,"331,300.00","331,300.00",100.00,SIAP DENGAN: CCC PENUH,"[""5.451488, 101.138645""]",,https://teduh.kpkt.gov.my/project-swasta/14027-1,"(248, '14027-1')"
110,1 4 0 2 7 - 1 - V I V A   M E W A H   D E V E L O P M E N T   S D N   B H D,VIVA MEWAH DEVELOPMENT SDN. BHD.,14027,14027/11-2024/1110(A),21 Nov 2019,20 Nov 2024,-,-,-,"14027-1,",SIAP DENGAN: CCC PENUH,14027-1/11-2019/03190(A)-(L),21 Nov 2018,20 Nov 2019,"RM 241,110.00",93.13mps - 175.07mps,RUMAH TERES,2,0,0,175,1,0,"432,250.00","432,250.00",100.00,SIAP DENGAN: CCC PENUH,"[""5.451488, 101.138645""]",,https://teduh.kpkt.gov.my/project-swasta/14027-1,"(248, '14027-1')"
111,1 4 0 2 7 - 1 - V I V A   M E W A H   D E V E L O P M E N T   S D N   B H D,VIVA MEWAH DEVELOPMENT SDN. BHD.,14027,14027/11-2024/1110(A),21 Nov 2019,20 Nov 2024,-,-,-,"14027-1,",SIAP DENGAN: CCC PENUH,14027-1/11-2019/03190(A)-(L),21 Nov 2018,20 Nov 2019,"RM 241,110.00",93.13mps - 175.07mps,RUMAH TERES,1,0,0,93,1,0,"277,267.00","277,267.00",100.00,SIAP DENGAN: CCC PENUH,"[""5.451488, 101.138645""]",,https://teduh.kpkt.gov.my/project-swasta/14027-1,"(248, '14027-1')"
112,1 4 0 2 7 - 1 - V I V A   M E W A H   D E V E L O P M E N T   S D N   B H D,VIVA MEWAH DEVELOPMENT SDN. BHD.,14027,14027/11-2024/1110(A),21 Nov 2019,20 Nov 2024,-,-,-,"14027-1,",SIAP DENGAN: CCC PENUH,14027-1/11-2019/03190(A)-(L),21 Nov 2018,20 Nov 2019,"RM 241,110.00",93.13mps - 175.07mps,RUMAH TERES,1,0,0,93,10,1,"241,110.00","253,800.00",100.00,SIAP DENGAN: CCC PENUH,"[""5.451488, 101.138645""]",,https://teduh.kpkt.gov.my/project-swasta/14027-1,"(248, '14027-1')"
113,1 4 0 2 8 - 1 - R E S I D E N S I   S E N T U L M A S,SINERJUTA SDN. BHD.,14028,14028/12-2027/1285(R),02 Dec 2022,01 Dec 2027,-,-,-,"14028-1,",SIAP DENGAN: CCC PENUH,14028-1/07-2018/01762(P),04 Jul 2017,03 Jul 2018,"RM 300,000.00",83.61mps,RUMAH PANGSA/KONDO,31,0,0,84,351,0,"300,000.00","300,000.00",100.00,SIAP DENGAN: CCC PENUH,"[""3.179790, 101.697681""]",,https://teduh.kpkt.gov.my/project-swasta/14028-1,"(249, '14028-1')"
114,"1 4 0 2 8 - 2 - R E S I D E N S I   K E P O N G M A S ,   T H E   H E N G E",SINERJUTA SDN. BHD.,14028,14028/12-2027/1285(R),02 Dec 2022,01 Dec 2027,-,-,-,"14028-2,",SIAP DENGAN: CCC PENUH,14028-2/10-2020/02984(P),02 Oct 2019,01 Oct 2020,"RM 188,000.00",74.32mps - 102.20mps,RUMAH PANGSA/KONDO,40,0,0,74,724,1,"188,000.00","198,000.00",100.00,SIAP DENGAN: CCC PENUH,"[""3.219914, 101.643060""]",,https://teduh.kpkt.gov.my/project-swasta/14028-2,"(250, '14028-2')"
115,"1 4 0 2 8 - 2 - R E S I D E N S I   K E P O N G M A S ,   T H E   H E N G E",SINERJUTA SDN. BHD.,14028,14028/12-2027/1285(R),02 Dec 2022,01 Dec 2027,-,-,-,"14028-2,",SIAP DENGAN: CCC PENUH,14028-2/10-2020/02984(P),02 Oct 2019,01 Oct 2020,"RM 188,000.00",74.32mps - 102.20mps,RUMAH PANGSA/KONDO,43,0,0,102,368,31,"574,800.00","724,400.00",100.00,SIAP DENGAN: CCC PENUH,"[""3.219914, 101.643060""]",,https://teduh.kpkt.gov.my/project-swasta/14028-2,"(250, '14028-2')"
116,"1 4 0 2 8 - 2 - R E S I D E N S I   K E P O N G M A S ,   T H E   H E N G E",SINERJUTA SDN. BHD.,14028,14028/12-2027/1285(R),02 Dec 2022,01 Dec 2027,-,-,-,"14028-2,",SIAP DENGAN: CCC PENUH,14028-2/10-2020/02984(P),02 Oct 2019,01 Oct 2020,"RM 188,000.00",74.32mps - 102.20mps,RUMAH PANGSA/KONDO,43,0,0,102,368,21,"534,000.00","682,400.00",100.00,SIAP DENGAN: CCC PENUH,"[""3.219914, 101.643060""]",,https://teduh.kpkt.gov.my/project-swasta/14028-2,"(250, '14028-2')"
117,"1 4 0 2 8 - 2 - R E S I D E N S I   K E P O N G M A S ,   T H E   H E N G E",SINERJUTA SDN. BHD.,14028,14028/12-2027/1285(R),02 Dec 2022,01 Dec 2027,-,-,-,"14028-2,",SIAP DENGAN: CCC PENUH,14028-2/10-2020/02984(P),02 Oct 2019,01 Oct 2020,"RM 188,000.00",74.32mps - 102.20mps,RUMAH PANGSA/KONDO,43,0,0,102,368,4,"566,400.00","694,400.00",100.00,SIAP DENGAN: CCC PENUH,"[""3.219914, 101.643060""]",,https://teduh.kpkt.gov.my/project-swasta/14028-2,"(250, '14028-2')"
118,"1 4 0 2 8 - 2 - R E S I D E N S I   K E P O N G M A S ,   T H E   H E N G E",SINERJUTA SDN. BHD.,14028,14028/12-2027/1285(R),02 Dec 2022,01 Dec 2027,-,-,-,"14028-2,",SIAP DENGAN: CCC PENUH,14028-2/10-2020/02984(P),02 Oct 2019,01 Oct 2020,"RM 188,000.00",74.32mps - 102.20mps,RUMAH PANGSA/KONDO,43,0,0,102,368,12,"560,400.00","688,400.00",100.00,SIAP DENGAN: CCC PENUH,"[""3.219914, 101.643060""]",,https://teduh.kpkt.gov.my/project-swasta/14028-2,"(250, '14028-2')"
119,"1 4 0 2 8 - 2 - R E S I D E N S I   K E P O N G M A S ,   T H E   H E N G E",SINERJUTA SDN. BHD.,14028,14028/12-2027/1285(R),02 Dec 2022,01 Dec 2027,-,-,-,"14028-2,",SIAP DENGAN: CCC PENUH,14028-2/10-2020/02984(P),02 Oct 2019,01 Oct 2020,"RM 188,000.00",74.32mps - 102.20mps,RUMAH PANGSA/KONDO,40,0,0,74,790,0,"188,000.00","198,000.00",100.00,SIAP DENGAN: CCC PENUH,"[""3.219914, 101.643060""]",,https://teduh.kpkt.gov.my/project-swasta/14028-2,"(250, '14028-2')"
120,1 4 0 2 8 - 3 - R E S I D E N S I   P U C H O N G M A S,SINERJUTA SDN. BHD.,14028,14028/12-2027/1285(R),02 Dec 2022,01 Dec 2027,-,-,-,"14028-3,",SIAP DENGAN: CCC PENUH,14028-3/09-2018/02279(P),11 Sep 2017,10 Sep 2018,"RM 300,000.00",83.61mps,RUMAH PANGSA/KONDO,34,0,0,84,524,18,"300,000.00","300,000.00",100.00,SIAP DENGAN: CCC PENUH,"[""3.065878, 101.651679""]",,https://teduh.kpkt.gov.my/project-swasta/14028-3,"(251, '14028-3')"
121,"1 4 0 2 8 - 4 - R E S I D E N S I   J A L I L M A S ,   T H E   H A V R E",SINERJUTA SDN. BHD.,14028,14028/12-2027/1285(R),02 Dec 2022,01 Dec 2027,-,-,-,"14028-4,",SIAP DENGAN: CCC PENUH,14028-4/10-2019/02901(P),07 Oct 2018,06 Oct 2019,"RM 198,000.00",74.32mps - 92.93mps,RUMAH PANGSA/KONDO,39,0,0,74,525,6,"198,000.00","198,000.00",100.00,SIAP DENGAN: CCC PENUH,"[""3.057591, 101.665694""]",,https://teduh.kpkt.gov.my/project-swasta/14028-4,"(252, '14028-4')"
122,"1 4 0 2 8 - 4 - R E S I D E N S I   J A L I L M A S ,   T H E   H A V R E",SINERJUTA SDN. BHD.,14028,14028/12-2027/1285(R),02 Dec 2022,01 Dec 2027,-,-,-,"14028-4,",SIAP DENGAN: CCC PENUH,14028-4/10-2019/02901(P),07 Oct 2018,06 Oct 2019,"RM 198,000.00",74.32mps - 92.93mps,RUMAH PANGSA/KONDO,39,0,0,93,509,38,"582,000.00","749,500.00",100.00,SIAP DENGAN: CCC PENUH,"[""3.057591, 101.665694""]",,https://teduh.kpkt.gov.my/project-swasta/14028-4,"(252, '14028-4')"
123,"1 4 0 2 8 - 4 - R E S I D E N S I   J A L I L M A S ,   T H E   H A V R E",SINERJUTA SDN. BHD.,14028,14028/12-2027/1285(R),02 Dec 2022,01 Dec 2027,-,-,-,"14028-4,",SIAP DENGAN: CCC PENUH,14028-4/10-2019/02901(P),07 Oct 2018,06 Oct 2019,"RM 198,000.00",74.32mps - 92.93mps,RUMAH PANGSA/KONDO,39,0,0,93,543,35,"571,000.00","745,440.00",100.00,SIAP DENGAN: CCC PENUH,"[""3.057591, 101.665694""]",,https://teduh.kpkt.gov.my/project-swasta/14028-4,"(252, '14028-4')"
124,"1 4 0 2 8 - 4 - R E S I D E N S I   J A L I L M A S ,   T H E   H A V R E",SINERJUTA SDN. BHD.,14028,14028/12-2027/1285(R),02 Dec 2022,01 Dec 2027,-,-,-,"14028-4,",SIAP DENGAN: CCC PENUH,14028-4/10-2019/02901(P),07 Oct 2018,06 Oct 2019,"RM 198,000.00",74.32mps - 92.93mps,RUMAH PANGSA/KONDO,39,0,0,74,525,13,"198,000.00","198,000.00",100.00,SIAP DENGAN: CCC PENUH,"[""3.057591, 101.665694""]",,https://teduh.kpkt.gov.my/project-swasta/14028-4,"(252, '14028-4')"
125,"1 4 0 2 8 - 5 - R E S I D E N S I   R A Z A K M A S   2 ,   T H E   H O L M E S   2",SINERJUTA SDN. BHD.,14028,14028/12-2027/1285(R),02 Dec 2022,01 Dec 2027,-,-,-,"14028-5,",SIAP DENGAN: CCC PENUH,14028-5/07-2021/02681(P),18 Jul 2020,17 Jul 2021,"RM 198,000.00",0.00mps - 102.57mps,RUMAH PANGSA/KONDO,42,0,0,103,493,0,"584,000.00","608,500.00",100.00,SIAP DENGAN: CCC PENUH,"[""3.088352, 101.720867""]",,https://teduh.kpkt.gov.my/project-swasta/14028-5,"(253, '14028-5')"
126,"1 4 0 2 8 - 5 - R E S I D E N S I   R A Z A K M A S   2 ,   T H E   H O L M E S   2",SINERJUTA SDN. BHD.,14028,14028/12-2027/1285(R),02 Dec 2022,01 Dec 2027,-,-,-,"14028-5,",SIAP DENGAN: CCC PENUH,14028-5/07-2021/02681(P),18 Jul 2020,17 Jul 2021,"RM 198,000.00",0.00mps - 102.57mps,RUMAH PANGSA/KONDO,42,0,0,103,493,0,"484,000.00","597,000.00",100.00,SIAP DENGAN: CCC PENUH,"[""3.088352, 101.720867""]",,https://teduh.kpkt.gov.my/project-swasta/14028-5,"(253, '14028-5')"
127,"1 4 0 2 8 - 5 - R E S I D E N S I   R A Z A K M A S   2 ,   T H E   H O L M E S   2",SINERJUTA SDN. BHD.,14028,14028/12-2027/1285(R),02 Dec 2022,01 Dec 2027,-,-,-,"14028-5,",SIAP DENGAN: CCC PENUH,14028-5/07-2021/02681(P),18 Jul 2020,17 Jul 2021,"RM 198,000.00",0.00mps - 102.57mps,RUMAH PANGSA/KONDO,40,0,0,77,414,246,"198,000.00","198,000.00",100.00,SIAP DENGAN: CCC PENUH,"[""3.088352, 101.720867""]",,https://teduh.kpkt.gov.my/project-swasta/14028-5,"(253, '14028-5')"
128,"1 4 0 2 8 - 5 - R E S I D E N S I   R A Z A K M A S   2 ,   T H E   H O L M E S   2",SINERJUTA SDN. BHD.,14028,14028/12-2027/1285(R),02 Dec 2022,01 Dec 2027,-,-,-,"14028-5,",SIAP DENGAN: CCC PENUH,14028-5/07-2021/02681(P),18 Jul 2020,17 Jul 2021,"RM 198,000.00",0.00mps - 102.57mps,RUMAH PANGSA/KONDO,40,0,0,0,414,414,"198,000.00","198,000.00",100.00,SIAP DENGAN: CCC PENUH,"[""3.088352, 101.720867""]",,https://teduh.kpkt.gov.my/project-swasta/14028-5,"(253, '14028-5')"
129,1 4 0 2 9 - 1 - P A V I L I O N   S U I T E S   K U A L A   L U M P U R,URUSHARTA CEMERLANG (KL) SDN. BHD.,14029,14029-1/07-2022/02461(L),29 Jul 2021,28 Jul 2022,-,chelsea.yin@1pavilion.com,www.pavilion-suites.com,"14029-1,",SIAP DENGAN: CCC PENUH,14029-1/06-2019/01690(P),19 Jun 2018,18 Jun 2019,"RM 2,068,000.00",66.68mps,PANGSAPURI SERVIS,51,0,0,67,383,48,"2,068,000.00","48,267,900.00",100.00,SIAP DENGAN: CCC PENUH,"[""3.148336, 101.712504""]",,https://teduh.kpkt.gov.my/project-swasta/14029-1,"(254, '14029-1')"
130,1 4 0 3 1 - 1 - M I D A S   L I N K,MIDAS SEASON SDN. BHD.,14031,14031-1/07-2020/01892(L),10 Jul 2019,09 Jul 2020,-,-,-,"14031-1,",SIAP DENGAN: CCC PENUH,14031-1/07-2019/01930(P),10 Jul 2018,09 Jul 2019,"RM 399,100.00",57.00mps,PANGSAPURI SERVIS,25,0,0,57,382,33,"399,100.00","662,400.00",100.00,SIAP DENGAN: CCC PENUH,"[""1.493225, 103.677504""]",,https://teduh.kpkt.gov.my/project-swasta/14031-1,"(255, '14031-1')"
131,1 4 0 3 2 - 1 - L A M A N   E S T U A R I,BANDAR NUSAJAYA DEVELOPMENT SDN. BHD.,14032,14032/08-2027/1344(A),19 Aug 2022,18 Aug 2027,-,-,-,"14032-1,",SIAP DENGAN: CCC PENUH,14032-1/07-2019/02375(P),20 Jul 2018,19 Jul 2019,"RM 1,767,728.00",252.00mps - 330.00mps,RUMAH TERES,2,0,0,256,83,32,"1,871,572.00","2,665,677.00",100.00,SIAP DENGAN: CCC PENUH,"[""1.428851, 103.650668""]",,https://teduh.kpkt.gov.my/project-swasta/14032-1,"(256, '14032-1')"
132,1 4 0 3 2 - 1 - L A M A N   E S T U A R I,BANDAR NUSAJAYA DEVELOPMENT SDN. BHD.,14032,14032/08-2027/1344(A),19 Aug 2022,18 Aug 2027,-,-,-,"14032-1,",SIAP DENGAN: CCC PENUH,14032-1/07-2019/02375(P),20 Jul 2018,19 Jul 2019,"RM 1,767,728.00",252.00mps - 330.00mps,RUMAH TERES,2,0,0,252,83,9,"1,767,728.00","2,895,000.00",100.00,SIAP DENGAN: CCC PENUH,"[""1.428851, 103.650668""]",,https://teduh.kpkt.gov.my/project-swasta/14032-1,"(256, '14032-1')"
133,1 4 0 3 2 - 1 - L A M A N   E S T U A R I,BANDAR NUSAJAYA DEVELOPMENT SDN. BHD.,14032,14032/08-2027/1344(A),19 Aug 2022,18 Aug 2027,-,-,-,"14032-1,",SIAP DENGAN: CCC PENUH,14032-1/07-2019/02375(P),20 Jul 2018,19 Jul 2019,"RM 1,767,728.00",252.00mps - 330.00mps,RUMAH TERES,2,0,0,330,64,49,"2,722,708.00","3,661,672.00",100.00,SIAP DENGAN: CCC PENUH,"[""1.428851, 103.650668""]",,https://teduh.kpkt.gov.my/project-swasta/14032-1,"(256, '14032-1')"
134,1 4 0 3 2 - 1 - L A M A N   E S T U A R I,BANDAR NUSAJAYA DEVELOPMENT SDN. BHD.,14032,14032/08-2027/1344(A),19 Aug 2022,18 Aug 2027,-,-,-,"14032-1,",SIAP DENGAN: CCC PENUH,14032-1/07-2019/02375(P),20 Jul 2018,19 Jul 2019,"RM 1,767,728.00",252.00mps - 330.00mps,RUMAH TERES,2,0,0,281,120,107,"2,223,976.00","3,195,648.00",100.00,SIAP DENGAN: CCC PENUH,"[""1.428851, 103.650668""]",,https://teduh.kpkt.gov.my/project-swasta/14032-1,"(256, '14032-1')"
135,1 4 0 3 2 - 2 - T A M A N   B U K I T   S E N A D I,BANDAR NUSAJAYA DEVELOPMENT SDN. BHD.,14032,14032/08-2027/1344(A),19 Aug 2022,18 Aug 2027,-,-,-,"14032-2,",SIAP DENGAN: CCC PENUH,14032-2/03-2024/1380(R)-(L),18 Mar 2022,17 Mar 2024,"RM 623,900.00",193.98mps,RUMAH TERES,2,0,0,194,73,0,"623,900.00","919,000.00",100.00,SIAP DENGAN: CCC PENUH,"[""1.412131, 103.647860""]",,https://teduh.kpkt.gov.my/project-swasta/14032-2,"(257, '14032-2')"
136,1 4 0 3 2 - 3 - T A M A N   B U K I T   S E N A D I,BANDAR NUSAJAYA DEVELOPMENT SDN. BHD.,14032,14032/08-2027/1344(A),19 Aug 2022,18 Aug 2027,-,-,-,"14032-3,",SIAP DENGAN: CCC PENUH,14032-3/08-2023/1418(R)-(L),19 Aug 2022,18 Aug 2023,"RM 659,600.00",202.99mps - 214.97mps,RUMAH TERES,2,0,0,203 - 215,120,105,"659,600.00","1,064,800.00",100.00,SIAP DENGAN: CCC PENUH,"[""1.439500, 103.632100""]",,https://teduh.kpkt.gov.my/project-swasta/14032-3,"(258, '14032-3')"
137,1 4 0 3 2 - 4 - N A D I   N U S A N T A R A   1,BANDAR NUSAJAYA DEVELOPMENT SDN. BHD.,14032,14032/08-2027/1344(A),19 Aug 2022,18 Aug 2027,-,-,-,"14032-4,",BERJALAN LANCAR,14032-4/03-2026/0382(N)-(S),31 Mar 2023,30 Mar 2026,"RM 300,000.00",0.00mps,RUMAH PANGSA/KONDO,12,3,"2, 3",0,130,37,"300,000.00","300,000.00",13.08,BERJALAN LANCAR,"[""1.441284, 103.630392""]",,https://teduh.kpkt.gov.my/project-swasta/14032-4,"(259, '14032-4')"
138,1 4 0 3 2 - 5 - S E N A D I   H I L L S,BANDAR NUSAJAYA DEVELOPMENT SDN. BHD.,14032,14032/08-2027/1344(A),19 Aug 2022,18 Aug 2027,-,-,-,"14032-5,",BERJALAN LANCAR,14032-5/05-2025/0620(N)-(L),01 Jun 2023,31 May 2025,"RM 843,000.00",204.11mps - 216.46mps,RUMAH TERES,2,4,"3, 4",204 - 216,75,5,"843,000.00","1,274,118.00",22.80,BERJALAN LANCAR,"[""1.444371, 103.630556""]",,https://teduh.kpkt.gov.my/project-swasta/14032-5,"(260, '14032-5')"
139,1 4 0 3 2 - 6 - S E N A D I   H I L L S,BANDAR NUSAJAYA DEVELOPMENT SDN. BHD.,14032,14032/08-2027/1344(A),19 Aug 2022,18 Aug 2027,-,-,-,"14032-6,",BERJALAN LANCAR,14032-6/12-2025/1329(N)-(L),15 Dec 2023,14 Dec 2025,"RM 869,000.00",206.43mps - 305.00mps,RUMAH TERES,2,4,4,206 - 305,91,52,"869,000.00","1,467,765.00",5.00,BERJALAN LANCAR,"[""1.444067, 103.632452""]",,https://teduh.kpkt.gov.my/project-swasta/14032-6,"(261, '14032-6')"
140,1 4 0 3 5 - 1 - K U M P U L A N   G A P A D U   S D N   B H D,KUMPULAN GAPADU SDN. BHD.,14035,14035/02-2029/0042(R),25 Feb 2024,24 Feb 2029,-,-,-,"14035-1,",PERMIT TELAH DIBATALKAN,14035-1/06-2017/0529(P),11 Jun 2015,10 Jun 2017,"RM 986,000.00",0.00mps,RUMAH PANGSA/KONDO,49,0,0,0,400,400,"986,000.00","1,497,000.00",0.00,BELUM MULA,,,https://teduh.kpkt.gov.my/project-swasta/14035-1,"(212, '14035-1')"
141,1 4 0 3 5 - 2 - K U M P U L A N   G A P A D U   S D N   B H D,KUMPULAN GAPADU SDN. BHD.,14035,14035/02-2029/0042(R),25 Feb 2024,24 Feb 2029,-,-,-,"14035-2,",PERMIT TELAH DIBATALKAN,14035-2/06-2017/0530(P),11 Jun 2015,10 Jun 2017,"RM 861,000.00",0.00mps,RUMAH PANGSA/KONDO,46,0,0,0,296,296,"861,000.00","1,289,000.00",0.00,BELUM MULA,,,https://teduh.kpkt.gov.my/project-swasta/14035-2,"(213, '14035-2')"
142,1 4 0 3 5 - 3 - K U M P U L A N   G A P A D U   S D N   B H D,KUMPULAN GAPADU SDN. BHD.,14035,14035/02-2029/0042(R),25 Feb 2024,24 Feb 2029,-,-,-,"14035-3,",PERMIT TELAH DIBATALKAN,14035-3/06-2017/0531(P),11 Jun 2015,10 Jun 2017,"RM 861,000.00",0.00mps,RUMAH PANGSA/KONDO,46,0,0,0,444,444,"861,000.00","1,335,000.00",0.00,BELUM MULA,,,https://teduh.kpkt.gov.my/project-swasta/14035-3,"(214, '14035-3')"
143,1 4 0 3 5 - 4 - R E S I D E N S I   T A M A N   H I L I R,KUMPULAN GAPADU SDN. BHD.,14035,14035/02-2029/0042(R),25 Feb 2024,24 Feb 2029,-,-,-,"14035-4,",BERJALAN LANCAR,14035-4/02-2024/0143(A)-(S),25 Feb 2022,24 Feb 2024,"RM 720,000.00",0.00mps,RUMAH PANGSA/KONDO,37,0,0,0,440,229,"744,000.00","1,246,800.00",20.00,BERJALAN LANCAR,"[""3.111146, 101.674329""]",,https://teduh.kpkt.gov.my/project-swasta/14035-4,"(215, '14035-4')"
144,1 4 0 3 5 - 4 - R E S I D E N S I   T A M A N   H I L I R,KUMPULAN GAPADU SDN. BHD.,14035,14035/02-2029/0042(R),25 Feb 2024,24 Feb 2029,-,-,-,"14035-4,",BERJALAN LANCAR,14035-4/02-2024/0143(A)-(S),25 Feb 2022,24 Feb 2024,"RM 720,000.00",0.00mps,RUMAH PANGSA/KONDO,37,2,2,0,440,159,"720,000.00","1,226,400.00",20.61,BERJALAN LANCAR,"[""3.111146, 101.674329""]",,https://teduh.kpkt.gov.my/project-swasta/14035-4,"(215, '14035-4')"
145,1 4 0 3 5 - 5 - R E S I D E N S I   T A M A N   H I L I R,KUMPULAN GAPADU SDN. BHD.,14035,14035/02-2029/0042(R),25 Feb 2024,24 Feb 2029,-,-,-,"14035-5,",BERJALAN LANCAR,14035-5/05-2026/0533(N)-(S),10 May 2023,09 May 2026,"RM 783,600.00",0.00mps,RUMAH PANGSA/KONDO,38,3,2,0,452,451,"783,600.00","1,291,200.00",20.60,BERJALAN LANCAR,"[""3.111146, 101.674329""]",,https://teduh.kpkt.gov.my/project-swasta/14035-5,"(216, '14035-5')"
146,1 4 0 3 6 - 1 - M A R V E L L O U S   E S T E E M   D E V E L O P M E N T   S D N .   B H D .,AMANVIDA DEVELOPMENT SDN. BHD.,14036,14036/02-2025/0813(R),03 Feb 2022,02 Feb 2025,-,-,-,"14036-1,",SIAP DENGAN: CCC PENUH,14036-1/10-2018/02587(P),12 Oct 2017,11 Oct 2018,"RM 200,000.00",120.76mps,RUMAH PANGSA/KONDO,24,0,0,121,76,3,"200,000.00","2,074,660.00",100.00,SIAP DENGAN: CCC PENUH,"[""5.382460, 100.315549""]",,https://teduh.kpkt.gov.my/project-swasta/14036-1,"(217, '14036-1')"
147,1 4 0 3 7 - 1 - T A M A N   M U T I A R A,PEARL HOUSE DESIGN SDN. BHD.,14037,14037/06-2025/0405(A),29 Apr 2022,09 Jun 2025,045105997,pearlhouse2014@yahoo.com,-,"14037-1,",SIAP DENGAN: CCC PENUH,14037-1/06-2023/0220(R)-(L),10 Jun 2022,09 Jun 2023,"RM 35,635.00","102.00mps - 1,100.00mps",RUMAH TERES,1.5,0,0,"102 - 1,100",60,1,"199,100.00","277,376.00",100.00,SIAP DENGAN: CCC PENUH,"[""5.617199, 100.531846""]",,https://teduh.kpkt.gov.my/project-swasta/14037-1,"(218, '14037-1')"
148,1 4 0 3 7 - 1 - T A M A N   M U T I A R A,PEARL HOUSE DESIGN SDN. BHD.,14037,14037/06-2025/0405(A),29 Apr 2022,09 Jun 2025,045105997,pearlhouse2014@yahoo.com,-,"14037-1,",SIAP DENGAN: CCC PENUH,14037-1/06-2023/0220(R)-(L),10 Jun 2022,09 Jun 2023,"RM 35,635.00","102.00mps - 1,100.00mps",RUMAH TERES,1.5,3,2,"102 - 1,100",67,2,"199,100.00","279,290.00",100.00,SIAP DENGAN: CCC PENUH,"[""5.617199, 100.531846""]",,https://teduh.kpkt.gov.my/project-swasta/14037-1,"(218, '14037-1')"
149,1 4 0 3 7 - 1 - T A M A N   M U T I A R A,PEARL HOUSE DESIGN SDN. BHD.,14037,14037/06-2025/0405(A),29 Apr 2022,09 Jun 2025,045105997,pearlhouse2014@yahoo.com,-,"14037-1,",SIAP DENGAN: CCC PENUH,14037-1/06-2023/0220(R)-(L),10 Jun 2022,09 Jun 2023,"RM 35,635.00","102.00mps - 1,100.00mps",RUMAH TERES,1.5,0,0,109,70,0,"199,100.00","199,100.00",100.00,SIAP DENGAN: CCC PENUH,"[""5.617199, 100.531846""]",,https://teduh.kpkt.gov.my/project-swasta/14037-1,"(218, '14037-1')"
150,1 4 0 3 7 - 1 - T A M A N   M U T I A R A,PEARL HOUSE DESIGN SDN. BHD.,14037,14037/06-2025/0405(A),29 Apr 2022,09 Jun 2025,045105997,pearlhouse2014@yahoo.com,-,"14037-1,",SIAP DENGAN: CCC PENUH,14037-1/06-2023/0220(R)-(L),10 Jun 2022,09 Jun 2023,"RM 35,635.00","102.00mps - 1,100.00mps",RUMAH TERES,1.5,0,0,"1,100",42,0,"205,000.00","210,000.00",100.00,SIAP DENGAN: CCC PENUH,"[""5.617199, 100.531846""]",,https://teduh.kpkt.gov.my/project-swasta/14037-1,"(218, '14037-1')"
151,1 4 0 3 7 - 1 - T A M A N   M U T I A R A,PEARL HOUSE DESIGN SDN. BHD.,14037,14037/06-2025/0405(A),29 Apr 2022,09 Jun 2025,045105997,pearlhouse2014@yahoo.com,-,"14037-1,",SIAP DENGAN: CCC PENUH,14037-1/06-2023/0220(R)-(L),10 Jun 2022,09 Jun 2023,"RM 35,635.00","102.00mps - 1,100.00mps",RUMAH TERES,1.5,3,2,109,42,0,"199,100.00","199,100.00",100.00,SIAP DENGAN: CCC PENUH,"[""5.617199, 100.531846""]",,https://teduh.kpkt.gov.my/project-swasta/14037-1,"(218, '14037-1')"
152,1 4 0 3 7 - 1 - T A M A N   M U T I A R A,PEARL HOUSE DESIGN SDN. BHD.,14037,14037/06-2025/0405(A),29 Apr 2022,09 Jun 2025,045105997,pearlhouse2014@yahoo.com,-,"14037-1,",SIAP DENGAN: CCC PENUH,14037-1/06-2023/0220(R)-(L),10 Jun 2022,09 Jun 2023,"RM 35,635.00","102.00mps - 1,100.00mps",RUMAH TERES,1.5,0,0,"102 - 1,100",70,13,"35,635.00","210,000.00",100.00,SIAP DENGAN: CCC PENUH,"[""5.617199, 100.531846""]",,https://teduh.kpkt.gov.my/project-swasta/14037-1,"(218, '14037-1')"
153,"1 4 0 3 7 - 2 - P R O J E K   P E M B A N G U N A N   4 2   U N I T   R U M A H   T E R E S   S A T U   S E T E N G A H   T I N G K A T ,   T A M A N   M U T I A R A ,   S U N G A I   P E T A N I ,   K E D A H .",PEARL HOUSE DESIGN SDN. BHD.,14037,14037/06-2025/0405(A),29 Apr 2022,09 Jun 2025,045105997,pearlhouse2014@yahoo.com,-,"14037-2,",BERJALAN LANCAR,14037-2/08-2025/0882(N)-(L),03 Aug 2023,02 Aug 2025,"RM 249,000.00",109.00mps,RUMAH TERES,1.5,3,2,109,42,13,"249,000.00","254,000.00",52.98,BERJALAN LANCAR,"[""5.617495, 100.531468""]",,https://teduh.kpkt.gov.my/project-swasta/14037-2,"(219, '14037-2')"
154,"1 4 0 3 7 - 3 - P R O J E K   P E M B A N G U N A N   7 0   U N I T   R U M A H   T E R E S   S A T U   S E T E N G A H   T I N G K A T ,   T A M A N   M U T I A R A ,   S U N G A I   P E T A N I ,   K E D A H .",PEARL HOUSE DESIGN SDN. BHD.,14037,14037/06-2025/0405(A),29 Apr 2022,09 Jun 2025,045105997,pearlhouse2014@yahoo.com,-,"14037-3,",BELUM MULA,14037-3/12-2025/1318(N)-(L),12 Dec 2023,11 Dec 2025,"RM 269,000.00",111.00mps,RUMAH TERES,1.5,0,0,111,70,70,"269,000.00","274,000.00",0.00,-,,,https://teduh.kpkt.gov.my/project-swasta/14037-3,"(220, '14037-3')"
155,1 4 0 3 9 - 1 - T I M   L O I   C O N S T R U C T I O N   &   D E V E L O P M E N T   S D N .   B H D .,TIM LOI CONSTRUCTION & DEVELOPMENT SDN. BHD.,14039,14039-1/06-2017/0543(L),19 Jun 2015,18 Jun 2017,-,-,-,"14039-1,",PERMIT TELAH DIBATALKAN,14039-1/06-2017/0543(P),19 Jun 2015,18 Jun 2017,"RM 801,419.00",0.00mps,RUMAH BERKEMBAR,2,0,0,0,8,8,"801,419.00","1,200,000.00",0.00,BELUM MULA,"[""3.832164, 103.340392""]",,https://teduh.kpkt.gov.my/project-swasta/14039-1,"(221, '14039-1')"
156,1 4 0 4 0 - 1 - T A M A N   M E L A T I,S.A.C PROPERTIES SDN. BHD.,14040,14040/05-2025/0509(R),23 May 2019,22 May 2025,-,-,-,"14040-1,",SIAP DENGAN: CCC PENUH,14040-1/06-2017/0554(P),17 Jun 2015,16 Jun 2017,"RM 208,000.00",91.97mps - 171.87mps,RUMAH TERES,1,0,0,92,37,0,"208,000.00","275,000.00",100.00,SIAP DENGAN: CCC PENUH,"[""3.939106, 102.379219""]",,https://teduh.kpkt.gov.my/project-swasta/14040-1,"(222, '14040-1')"
157,1 4 0 4 0 - 1 - T A M A N   M E L A T I,S.A.C PROPERTIES SDN. BHD.,14040,14040/05-2025/0509(R),23 May 2019,22 May 2025,-,-,-,"14040-1,",SIAP DENGAN: CCC PENUH,14040-1/06-2017/0554(P),17 Jun 2015,16 Jun 2017,"RM 208,000.00",91.97mps - 171.87mps,RUMAH TERES,1,0,0,93,14,1,"210,000.00","277,000.00",100.00,SIAP DENGAN: CCC PENUH,"[""3.939106, 102.379219""]",,https://teduh.kpkt.gov.my/project-swasta/14040-1,"(222, '14040-1')"
158,1 4 0 4 0 - 1 - T A M A N   M E L A T I,S.A.C PROPERTIES SDN. BHD.,14040,14040/05-2025/0509(R),23 May 2019,22 May 2025,-,-,-,"14040-1,",SIAP DENGAN: CCC PENUH,14040-1/06-2017/0554(P),17 Jun 2015,16 Jun 2017,"RM 208,000.00",91.97mps - 171.87mps,RUMAH TERES,2,0,0,172,22,0,"323,000.00","381,000.00",100.00,SIAP DENGAN: CCC PENUH,"[""3.939106, 102.379219""]",,https://teduh.kpkt.gov.my/project-swasta/14040-1,"(222, '14040-1')"
159,1 4 0 4 0 - 1 0 - T A M A N   M E L A T I,S.A.C PROPERTIES SDN. BHD.,14040,14040/05-2025/0509(R),23 May 2019,22 May 2025,-,-,-,"14040-10,",SIAP DENGAN: CCC PENUH,14040-10/05-2019/0362(P),23 May 2017,22 May 2019,"RM 198,000.00",74.32mps - 83.61mps,RUMAH TERES,1,0,0,84,29,1,"218,000.00","349,000.00",100.00,SIAP DENGAN: CCC PENUH,"[""3.940550, 102.377818""]",,https://teduh.kpkt.gov.my/project-swasta/14040-10,"(231, '14040-10')"
160,1 4 0 4 0 - 1 0 - T A M A N   M E L A T I,S.A.C PROPERTIES SDN. BHD.,14040,14040/05-2025/0509(R),23 May 2019,22 May 2025,-,-,-,"14040-10,",SIAP DENGAN: CCC PENUH,14040-10/05-2019/0362(P),23 May 2017,22 May 2019,"RM 198,000.00",74.32mps - 83.61mps,RUMAH TERES,1,0,0,74,15,2,"198,000.00","328,000.00",100.00,SIAP DENGAN: CCC PENUH,"[""3.940550, 102.377818""]",,https://teduh.kpkt.gov.my/project-swasta/14040-10,"(231, '14040-10')"
161,1 4 0 4 0 - 2 - S . A . C   P R O P E R T I E S   S D N .   B H D .,S.A.C PROPERTIES SDN. BHD.,14040,14040/05-2025/0509(R),23 May 2019,22 May 2025,-,-,-,"14040-2,",SIAP DENGAN: CCC PENUH,14040-2/10-2017/0920(P),30 Oct 2015,29 Oct 2017,"RM 220,000.00",92.90mps,RUMAH TERES,1,0,0,93,14,0,"220,000.00","408,000.00",100.00,SIAP DENGAN: CCC PENUH,"[""3.941224, 102.381486""]",,https://teduh.kpkt.gov.my/project-swasta/14040-2,"(223, '14040-2')"
162,1 4 0 4 0 - 3 - T A M A N   M E L A T I,S.A.C PROPERTIES SDN. BHD.,14040,14040/05-2025/0509(R),23 May 2019,22 May 2025,-,-,-,"14040-3,",SIAP DENGAN: CCC PENUH,14040-3/11-2017/0943(P),10 Nov 2015,09 Nov 2017,"RM 223,000.00",92.90mps,RUMAH TERES,1,0,0,93,14,0,"223,000.00","338,000.00",100.00,SIAP DENGAN: CCC PENUH,"[""3.941011, 102.379211""]",,https://teduh.kpkt.gov.my/project-swasta/14040-3,"(224, '14040-3')"
163,1 4 0 4 0 - 4 - T A M A N   M E L A T I,S.A.C PROPERTIES SDN. BHD.,14040,14040/05-2025/0509(R),23 May 2019,22 May 2025,-,-,-,"14040-4,",SIAP DENGAN: CCC PENUH,14040-4/04-2018/0232(P),08 Apr 2016,07 Apr 2018,"RM 215,000.00",92.90mps,RUMAH TERES,1,0,0,93,24,0,"215,000.00","398,000.00",100.00,SIAP DENGAN: CCC PENUH,"[""3.946798, 102.379219""]",,https://teduh.kpkt.gov.my/project-swasta/14040-4,"(225, '14040-4')"
164,1 4 0 4 0 - 5 - T A M A N   M E L A T I,S.A.C PROPERTIES SDN. BHD.,14040,14040/05-2025/0509(R),23 May 2019,22 May 2025,-,-,-,"14040-5,",SIAP DENGAN: CCC PENUH,14040-5/06-2018/0480(P),29 Jun 2016,28 Jun 2018,"RM 258,000.00",92.90mps,RUMAH TERES,1,0,0,93,14,3,"258,000.00","498,000.00",100.00,SIAP DENGAN: CCC PENUH,"[""3.946798, 102.379211""]",,https://teduh.kpkt.gov.my/project-swasta/14040-5,"(226, '14040-5')"
165,1 4 0 4 0 - 6 - T A M A N   M E L U R   M A K M U R,S.A.C PROPERTIES SDN. BHD.,14040,14040/05-2025/0509(R),23 May 2019,22 May 2025,-,-,-,"14040-6,",SIAP DENGAN: CCC PENUH,14040-6/07-2018/0563(P),22 Jul 2016,21 Jul 2018,"RM 198,000.00",91.97mps,RUMAH TERES,1,0,0,92,26,0,"198,000.00","358,000.00",100.00,SIAP DENGAN: CCC PENUH,"[""3.241697, 102.442379""]",,https://teduh.kpkt.gov.my/project-swasta/14040-6,"(227, '14040-6')"
166,1 4 0 4 0 - 7 - T A M A N   M E L U R   M A K M U R,S.A.C PROPERTIES SDN. BHD.,14040,14040/05-2025/0509(R),23 May 2019,22 May 2025,-,-,-,"14040-7,",SIAP DENGAN: CCC PENUH,14040-7/08-2018/0595(P),03 Aug 2016,02 Aug 2018,"RM 178,000.00",81.75mps,RUMAH TERES,1,0,0,82,25,0,"178,000.00","368,000.00",100.00,SIAP DENGAN: CCC PENUH,"[""3.242334, 102.443021""]",,https://teduh.kpkt.gov.my/project-swasta/14040-7,"(228, '14040-7')"
167,1 4 0 4 0 - 8 - T A M A N   M E L U R   M A K M U R,S.A.C PROPERTIES SDN. BHD.,14040,14040/05-2025/0509(R),23 May 2019,22 May 2025,-,-,-,"14040-8,",SIAP DENGAN: CCC PENUH,14040-8/11-2018/0858(P),06 Nov 2016,05 Nov 2018,"RM 218,000.00",91.97mps,RUMAH TERES,1,0,0,92,26,0,"218,000.00","368,500.00",100.00,SIAP DENGAN: CCC PENUH,"[""3.247748, 102.431799""]",,https://teduh.kpkt.gov.my/project-swasta/14040-8,"(229, '14040-8')"
168,1 4 0 4 0 - 9 - T A M A N   M E L A T I,S.A.C PROPERTIES SDN. BHD.,14040,14040/05-2025/0509(R),23 May 2019,22 May 2025,-,-,-,"14040-9,",SIAP DENGAN: CCC PENUH,14040-9/11-2018/0857(P),06 Nov 2016,05 Nov 2018,"RM 215,000.00",92.90mps,RUMAH TERES,1,0,0,93,12,0,"215,000.00","368,000.00",100.00,SIAP DENGAN: CCC PENUH,"[""3.938590, 102.376493""]",,https://teduh.kpkt.gov.my/project-swasta/14040-9,"(230, '14040-9')"
169,1 4 0 4 1 - 1 - M E R A G A   P U T E R A,OSJ DEVELOPMENT SDN. BHD.,14041,14041/02-2026/0650(R),28 Feb 2023,27 Feb 2026,-,-,-,"14041-1,",BERJALAN LANCAR,14041-1/06-2017/0557(P),20 Jun 2015,19 Jun 2017,"RM 280,000.00",0.00mps,RUMAH BERKEMBAR,1,0,0,0,22,22,"280,000.00","305,825.00",95.23,BERJALAN LANCAR,"[""4.223092, 103.271142""]",,https://teduh.kpkt.gov.my/project-swasta/14041-1,"(232, '14041-1')"
170,1 4 0 4 2 - 1 - R E S I D E N S I   N K,DECORUS DEVELOPMENT SDN. BHD.,14042,14042-1/12-2021/03628(L),10 Dec 2020,09 Dec 2021,-,info@llc-prop.com,-,"14042-1,",PERMIT TELAH DIBATALKAN,14042-1/08-2020/02551(P),02 Aug 2019,01 Aug 2020,"RM 904,960.00",0.00mps,RUMAH PANGSA/KONDO,30,0,0,0,113,113,"904,960.00","2,179,772.00",20.00,BERJALAN LANCAR,"[""3.178676, 101.657814""]",,https://teduh.kpkt.gov.my/project-swasta/14042-1,"(233, '14042-1')"
171,1 4 0 4 2 - 1 - R E S I D E N S I   N K,DECORUS DEVELOPMENT SDN. BHD.,14042,14042-1/12-2021/03628(L),10 Dec 2020,09 Dec 2021,-,info@llc-prop.com,-,"14042-1,",PERMIT TELAH DIBATALKAN,14042-1/08-2020/02551(P),02 Aug 2019,01 Aug 2020,"RM 904,960.00",0.00mps,RUMAH PANGSA/KONDO,23,0,0,0,87,87,"1,102,920.00","2,575,309.00",20.00,BERJALAN LANCAR,"[""3.178676, 101.657814""]",,https://teduh.kpkt.gov.my/project-swasta/14042-1,"(233, '14042-1')"
172,1 4 0 4 4 - 1 - T A M A N   F S   J A Y A,FOO SAANG PROPERTY DEVELOPMENT SDN. BHD.,14044,14044/04-2024/0410(R),26 Apr 2021,25 Apr 2024,-,-,-,"14044-1,",SIAP DENGAN: CCC PENUH,14044-1/06-2023/0741(R)-(L),20 Jun 2017,19 Jun 2023,"RM 290,000.00",114.00mps,RUMAH BERKEMBAR,1,0,0,114,7,1,"290,000.00","388,000.00",100.00,SIAP DENGAN: CCC PENUH,"[""4.144540, 103.245440""]",,https://teduh.kpkt.gov.my/project-swasta/14044-1,"(234, '14044-1')"
173,1 4 0 4 4 - 2 - B E R I S   M E R A G A   M A K M U R,FOO SAANG PROPERTY DEVELOPMENT SDN. BHD.,14044,14044/04-2024/0410(R),26 Apr 2021,25 Apr 2024,-,-,-,"14044-2,",SIAP DENGAN: CCC PENUH,14044-2/04-2023/0740(R)-(L),26 Apr 2018,25 Apr 2023,"RM 200,000.00",114.00mps,RUMAH TERES,1,0,0,114,11,0,"200,000.00","359,600.00",100.00,SIAP DENGAN: CCC PENUH,"[""4.192350, 103.263540""]",,https://teduh.kpkt.gov.my/project-swasta/14044-2,"(235, '14044-2')"
174,1 4 0 4 5 - 1 - U N I K   S E J A T I   S D N .   B H D .,UNIK SEJATI SDN. BHD.,14045,14045/01-2028/1514(A),13 Jan 2023,12 Jan 2028,0350365988,azilla.amrealty@gmail.com,-,"14045-1,",PERMIT TELAH DIBATALKAN,14045-1/07-2020/02352(P),17 Jul 2019,16 Jul 2020,"RM 3,601,800.00",0.00mps,RUMAH SESEBUAH,2,0,0,0,11,10,"3,601,800.00","5,158,800.00",97.50,BERJALAN LANCAR,"[""3.213261, 101.527976""]",,https://teduh.kpkt.gov.my/project-swasta/14045-1,"(236, '14045-1')"
175,1 4 0 5 1 - 1 - M O R E   R E A L T Y   S D N .   B H D .,MORE REALTY SDN. BHD.,14051,14051-1/08-2020/02454(L),03 Aug 2019,02 Aug 2020,-,morerealty.pj@gmail.com,-,"14051-1,",SIAP DENGAN: CCC PENUH,14051-1/08-2019/02514(P),03 Aug 2018,02 Aug 2019,"RM 339,290.00",190.45mps - 320.00mps,RUMAH BERKEMBAR,2,0,0,320,6,5,"567,095.00","661,315.00",100.00,SIAP DENGAN: CCC PENUH,"[""3.409950, 101.355692""]",,https://teduh.kpkt.gov.my/project-swasta/14051-1,"(200, '14051-1')"
176,1 4 0 5 1 - 1 - M O R E   R E A L T Y   S D N .   B H D .,MORE REALTY SDN. BHD.,14051,14051-1/08-2020/02454(L),03 Aug 2019,02 Aug 2020,-,morerealty.pj@gmail.com,-,"14051-1,",SIAP DENGAN: CCC PENUH,14051-1/08-2019/02514(P),03 Aug 2018,02 Aug 2019,"RM 339,290.00",190.45mps - 320.00mps,RUMAH TERES,2,0,0,190,27,23,"339,290.00","392,525.00",100.00,SIAP DENGAN: CCC PENUH,"[""3.409950, 101.355692""]",,https://teduh.kpkt.gov.my/project-swasta/14051-1,"(200, '14051-1')"
177,1 4 0 5 2 - 1 - T A M A N   S E T I A,YONTEC (M) SDN. BHD.,14052,14052/10-2024/1454(R),02 Oct 2018,01 Oct 2024,-,-,-,"14052-1,",SIAP DENGAN: CCC PENUH,14052-1/06-2017/0588(P),27 Jun 2015,26 Jun 2017,"RM 388,000.00",0.00mps - 77.96mps,RUMAH TERES,2,0,0,78,7,0,"388,000.00","388,000.00",100.00,SIAP DENGAN: CCC PENUH,"[""2.978711, 101.482500""]",,https://teduh.kpkt.gov.my/project-swasta/14052-1,"(201, '14052-1')"
178,1 4 0 5 2 - 1 - T A M A N   S E T I A,YONTEC (M) SDN. BHD.,14052,14052/10-2024/1454(R),02 Oct 2018,01 Oct 2024,-,-,-,"14052-1,",SIAP DENGAN: CCC PENUH,14052-1/06-2017/0588(P),27 Jun 2015,26 Jun 2017,"RM 388,000.00",0.00mps - 77.96mps,RUMAH TERES,2,0,0,78,1,1,"488,000.00","488,000.00",100.00,SIAP DENGAN: CCC PENUH,"[""2.978711, 101.482500""]",,https://teduh.kpkt.gov.my/project-swasta/14052-1,"(201, '14052-1')"
179,1 4 0 5 2 - 1 - T A M A N   S E T I A,YONTEC (M) SDN. BHD.,14052,14052/10-2024/1454(R),02 Oct 2018,01 Oct 2024,-,-,-,"14052-1,",SIAP DENGAN: CCC PENUH,14052-1/06-2017/0588(P),27 Jun 2015,26 Jun 2017,"RM 388,000.00",0.00mps - 77.96mps,RUMAH TERES,2,0,0,0,1,0,"588,000.00","588,000.00",100.00,SIAP DENGAN: CCC PENUH,"[""2.978711, 101.482500""]",,https://teduh.kpkt.gov.my/project-swasta/14052-1,"(201, '14052-1')"
180,1 4 0 5 4 - 1 - T A M A N   I R A M A   J A Y A,IRAMA JAYA DEVELOPMENT SDN. BHD.,14054,14054/07-2026/0058(A),22 Jul 2018,21 Jul 2026,044482333,iramaharmoni@yahoo.com,iramajayagroup.com,"14054-1,",SIAP DENGAN: CCC PENUH,14054-1/06-2017/0593(P),30 Jun 2015,29 Jun 2017,"RM 426,400.00",105.00mps - 284.00mps,RUMAH SESEBUAH,2,0,0,284,2,0,"907,400.00","946,580.60",100.00,SIAP DENGAN: CCC PENUH,"[""5.731367, 101.016622""]",,https://teduh.kpkt.gov.my/project-swasta/14054-1,"(202, '14054-1')"
181,1 4 0 5 4 - 1 - T A M A N   I R A M A   J A Y A,IRAMA JAYA DEVELOPMENT SDN. BHD.,14054,14054/07-2026/0058(A),22 Jul 2018,21 Jul 2026,044482333,iramaharmoni@yahoo.com,iramajayagroup.com,"14054-1,",SIAP DENGAN: CCC PENUH,14054-1/06-2017/0593(P),30 Jun 2015,29 Jun 2017,"RM 426,400.00",105.00mps - 284.00mps,RUMAH SESEBUAH,1,0,0,158,4,0,"504,400.00","522,296.21",100.00,SIAP DENGAN: CCC PENUH,"[""5.731367, 101.016622""]",,https://teduh.kpkt.gov.my/project-swasta/14054-1,"(202, '14054-1')"
182,1 4 0 5 4 - 1 - T A M A N   I R A M A   J A Y A,IRAMA JAYA DEVELOPMENT SDN. BHD.,14054,14054/07-2026/0058(A),22 Jul 2018,21 Jul 2026,044482333,iramaharmoni@yahoo.com,iramajayagroup.com,"14054-1,",SIAP DENGAN: CCC PENUH,14054-1/06-2017/0593(P),30 Jun 2015,29 Jun 2017,"RM 426,400.00",105.00mps - 284.00mps,RUMAH BERKEMBAR,1,0,0,105,8,1,"426,400.00","431,977.16",100.00,SIAP DENGAN: CCC PENUH,"[""5.731367, 101.016622""]",,https://teduh.kpkt.gov.my/project-swasta/14054-1,"(202, '14054-1')"
183,1 4 0 5 4 - 1 - T A M A N   I R A M A   J A Y A,IRAMA JAYA DEVELOPMENT SDN. BHD.,14054,14054/07-2026/0058(A),22 Jul 2018,21 Jul 2026,044482333,iramaharmoni@yahoo.com,iramajayagroup.com,"14054-1,",SIAP DENGAN: CCC PENUH,14054-1/06-2017/0593(P),30 Jun 2015,29 Jun 2017,"RM 426,400.00",105.00mps - 284.00mps,RUMAH BERKEMBAR,2,0,0,200,6,2,"595,400.00","595,400.00",100.00,SIAP DENGAN: CCC PENUH,"[""5.731367, 101.016622""]",,https://teduh.kpkt.gov.my/project-swasta/14054-1,"(202, '14054-1')"
184,1 4 0 5 4 - 2 - T A M A N   B E R J A Y A,IRAMA JAYA DEVELOPMENT SDN. BHD.,14054,14054/07-2026/0058(A),22 Jul 2018,21 Jul 2026,044482333,iramaharmoni@yahoo.com,iramajayagroup.com,"14054-2,",SIAP DENGAN: CCC PENUH,14054-2/07-2018/0564(P),22 Jul 2016,21 Jul 2018,"RM 159,800.00",93.00mps - 111.50mps,RUMAH TERES,1,0,0,93,9,0,"159,800.00","230,232.88",100.00,SIAP DENGAN: CCC PENUH,"[""5.977229, 100.455899""]",,https://teduh.kpkt.gov.my/project-swasta/14054-2,"(203, '14054-2')"
185,1 4 0 5 4 - 2 - T A M A N   B E R J A Y A,IRAMA JAYA DEVELOPMENT SDN. BHD.,14054,14054/07-2026/0058(A),22 Jul 2018,21 Jul 2026,044482333,iramaharmoni@yahoo.com,iramajayagroup.com,"14054-2,",SIAP DENGAN: CCC PENUH,14054-2/07-2018/0564(P),22 Jul 2016,21 Jul 2018,"RM 159,800.00",93.00mps - 111.50mps,RUMAH BERKEMBAR,1,0,0,112,6,0,"258,000.00","419,975.93",100.00,SIAP DENGAN: CCC PENUH,"[""5.977229, 100.455899""]",,https://teduh.kpkt.gov.my/project-swasta/14054-2,"(203, '14054-2')"
186,1 4 0 5 4 - 2 - T A M A N   B E R J A Y A,IRAMA JAYA DEVELOPMENT SDN. BHD.,14054,14054/07-2026/0058(A),22 Jul 2018,21 Jul 2026,044482333,iramaharmoni@yahoo.com,iramajayagroup.com,"14054-2,",SIAP DENGAN: CCC PENUH,14054-2/07-2018/0564(P),22 Jul 2016,21 Jul 2018,"RM 159,800.00",93.00mps - 111.50mps,RUMAH BERKEMBAR,1,0,0,112,6,0,"319,879.43","386,556.22",100.00,SIAP DENGAN: CCC PENUH,"[""5.977229, 100.455899""]",,https://teduh.kpkt.gov.my/project-swasta/14054-2,"(203, '14054-2')"
187,1 4 0 5 4 - 2 - T A M A N   B E R J A Y A,IRAMA JAYA DEVELOPMENT SDN. BHD.,14054,14054/07-2026/0058(A),22 Jul 2018,21 Jul 2026,044482333,iramaharmoni@yahoo.com,iramajayagroup.com,"14054-2,",SIAP DENGAN: CCC PENUH,14054-2/07-2018/0564(P),22 Jul 2016,21 Jul 2018,"RM 159,800.00",93.00mps - 111.50mps,RUMAH TERES,1,0,0,93,9,0,"215,000.00","274,131.73",100.00,SIAP DENGAN: CCC PENUH,"[""5.977229, 100.455899""]",,https://teduh.kpkt.gov.my/project-swasta/14054-2,"(203, '14054-2')"
188,1 4 0 5 4 - 3 - T A M A N   K E K W A,IRAMA JAYA DEVELOPMENT SDN. BHD.,14054,14054/07-2026/0058(A),22 Jul 2018,21 Jul 2026,044482333,iramaharmoni@yahoo.com,iramajayagroup.com,"14054-3,",BERJALAN LANCAR,14054-3/11-2025/1223(N)-(L),08 Nov 2023,07 Nov 2025,"RM 497,500.00",111.00mps - 328.00mps,RUMAH SESEBUAH,1,0,0,166,2,2,"835,000.00","846,400.00",5.00,BERJALAN LANCAR,"[""5.653040, 100.468276""]",,https://teduh.kpkt.gov.my/project-swasta/14054-3,"(204, '14054-3')"
189,1 4 0 5 4 - 3 - T A M A N   K E K W A,IRAMA JAYA DEVELOPMENT SDN. BHD.,14054,14054/07-2026/0058(A),22 Jul 2018,21 Jul 2026,044482333,iramaharmoni@yahoo.com,iramajayagroup.com,"14054-3,",BERJALAN LANCAR,14054-3/11-2025/1223(N)-(L),08 Nov 2023,07 Nov 2025,"RM 497,500.00",111.00mps - 328.00mps,RUMAH BERKEMBAR,2,0,0,223,4,4,"797,500.00","979,800.00",5.00,BERJALAN LANCAR,"[""5.653040, 100.468276""]",,https://teduh.kpkt.gov.my/project-swasta/14054-3,"(204, '14054-3')"
190,1 4 0 5 4 - 3 - T A M A N   K E K W A,IRAMA JAYA DEVELOPMENT SDN. BHD.,14054,14054/07-2026/0058(A),22 Jul 2018,21 Jul 2026,044482333,iramaharmoni@yahoo.com,iramajayagroup.com,"14054-3,",BERJALAN LANCAR,14054-3/11-2025/1223(N)-(L),08 Nov 2023,07 Nov 2025,"RM 497,500.00",111.00mps - 328.00mps,RUMAH BERKEMBAR,1,0,0,172,12,10,"585,000.00","697,300.00",5.00,BERJALAN LANCAR,"[""5.653040, 100.468276""]",,https://teduh.kpkt.gov.my/project-swasta/14054-3,"(204, '14054-3')"
191,1 4 0 5 4 - 3 - T A M A N   K E K W A,IRAMA JAYA DEVELOPMENT SDN. BHD.,14054,14054/07-2026/0058(A),22 Jul 2018,21 Jul 2026,044482333,iramaharmoni@yahoo.com,iramajayagroup.com,"14054-3,",BERJALAN LANCAR,14054-3/11-2025/1223(N)-(L),08 Nov 2023,07 Nov 2025,"RM 497,500.00",111.00mps - 328.00mps,RUMAH SESEBUAH,1,0,0,125,2,2,"769,700.00","863,200.00",5.00,BERJALAN LANCAR,"[""5.653040, 100.468276""]",,https://teduh.kpkt.gov.my/project-swasta/14054-3,"(204, '14054-3')"
192,1 4 0 5 4 - 3 - T A M A N   K E K W A,IRAMA JAYA DEVELOPMENT SDN. BHD.,14054,14054/07-2026/0058(A),22 Jul 2018,21 Jul 2026,044482333,iramaharmoni@yahoo.com,iramajayagroup.com,"14054-3,",BERJALAN LANCAR,14054-3/11-2025/1223(N)-(L),08 Nov 2023,07 Nov 2025,"RM 497,500.00",111.00mps - 328.00mps,RUMAH SESEBUAH,2.5,0,0,328,2,2,"1,185,000.00","1,268,400.00",5.00,BERJALAN LANCAR,"[""5.653040, 100.468276""]",,https://teduh.kpkt.gov.my/project-swasta/14054-3,"(204, '14054-3')"
193,1 4 0 5 4 - 3 - T A M A N   K E K W A,IRAMA JAYA DEVELOPMENT SDN. BHD.,14054,14054/07-2026/0058(A),22 Jul 2018,21 Jul 2026,044482333,iramaharmoni@yahoo.com,iramajayagroup.com,"14054-3,",BERJALAN LANCAR,14054-3/11-2025/1223(N)-(L),08 Nov 2023,07 Nov 2025,"RM 497,500.00",111.00mps - 328.00mps,RUMAH BERKEMBAR,1,0,0,111,8,4,"497,500.00","651,600.00",5.00,BERJALAN LANCAR,"[""5.653040, 100.468276""]",,https://teduh.kpkt.gov.my/project-swasta/14054-3,"(204, '14054-3')"
194,1 4 0 5 6 - 1 - T R I   P I N N A C L E,ASPEN VISION VENTURES SDN. BHD.,14056,14056/07-2028/1116(R),12 Jul 2023,11 Jul 2028,-,siti.sakina@aspen.com.my,-,"14056-1,",SIAP DENGAN: CCC PENUH,14056-1/06-2019/01887(P),30 Jun 2018,29 Jun 2019,"RM 72,500.00",60.41mps - 74.35mps,RUMAH PANGSA/KONDO,45,0,0,74,511,370,"299,990.00","299,990.00",100.00,SIAP DENGAN: CCC PENUH,"[""5.449146, 100.295514""]",,https://teduh.kpkt.gov.my/project-swasta/14056-1,"(205, '14056-1')"
195,1 4 0 5 6 - 1 - T R I   P I N N A C L E,ASPEN VISION VENTURES SDN. BHD.,14056,14056/07-2028/1116(R),12 Jul 2023,11 Jul 2028,-,siti.sakina@aspen.com.my,-,"14056-1,",SIAP DENGAN: CCC PENUH,14056-1/06-2019/01887(P),30 Jun 2018,29 Jun 2019,"RM 72,500.00",60.41mps - 74.35mps,RUMAH PANGSA/KONDO,48,0,0,60,458,306,"72,500.00","72,500.00",100.00,SIAP DENGAN: CCC PENUH,"[""5.449146, 100.295514""]",,https://teduh.kpkt.gov.my/project-swasta/14056-1,"(205, '14056-1')"
196,1 4 0 5 6 - 1 - T R I   P I N N A C L E,ASPEN VISION VENTURES SDN. BHD.,14056,14056/07-2028/1116(R),12 Jul 2023,11 Jul 2028,-,siti.sakina@aspen.com.my,-,"14056-1,",SIAP DENGAN: CCC PENUH,14056-1/06-2019/01887(P),30 Jun 2018,29 Jun 2019,"RM 72,500.00",60.41mps - 74.35mps,RUMAH PANGSA/KONDO,44,0,0,74,348,194,"299,990.00","299,990.00",100.00,SIAP DENGAN: CCC PENUH,"[""5.449146, 100.295514""]",,https://teduh.kpkt.gov.my/project-swasta/14056-1,"(205, '14056-1')"
197,1 4 0 5 7 - 1 - T A M A N   S U N G G A L A   H A R T A M A S,CANGKAT HARTAMAS SDN. BHD.,14057,14057/02-2028/0015(A),06 Feb 2023,05 Feb 2028,067607338,general@chsb.com.my,-,"14057-1,",SIAP DENGAN: CCC PENUH,14057-1/09-2018/02259(P),08 Sep 2017,07 Sep 2018,"RM 74,888.00",93.00mps - 218.00mps,RUMAH TERES,1,0,0,102,107,0,"148,888.00","219,108.00",100.00,SIAP DENGAN: CCC PENUH,"[""2.500903, 101.863394""]",,https://teduh.kpkt.gov.my/project-swasta/14057-1,"(206, '14057-1')"
198,1 4 0 5 7 - 1 - T A M A N   S U N G G A L A   H A R T A M A S,CANGKAT HARTAMAS SDN. BHD.,14057,14057/02-2028/0015(A),06 Feb 2023,05 Feb 2028,067607338,general@chsb.com.my,-,"14057-1,",SIAP DENGAN: CCC PENUH,14057-1/09-2018/02259(P),08 Sep 2017,07 Sep 2018,"RM 74,888.00",93.00mps - 218.00mps,RUMAH SESEBUAH,1,0,0,218,4,2,"528,918.00","590,694.00",100.00,SIAP DENGAN: CCC PENUH,"[""2.500903, 101.863394""]",,https://teduh.kpkt.gov.my/project-swasta/14057-1,"(206, '14057-1')"
199,1 4 0 5 7 - 1 - T A M A N   S U N G G A L A   H A R T A M A S,CANGKAT HARTAMAS SDN. BHD.,14057,14057/02-2028/0015(A),06 Feb 2023,05 Feb 2028,067607338,general@chsb.com.my,-,"14057-1,",SIAP DENGAN: CCC PENUH,14057-1/09-2018/02259(P),08 Sep 2017,07 Sep 2018,"RM 74,888.00",93.00mps - 218.00mps,RUMAH TERES,2,0,0,204,67,0,"288,888.00","405,488.00",100.00,SIAP DENGAN: CCC PENUH,"[""2.500903, 101.863394""]",,https://teduh.kpkt.gov.my/project-swasta/14057-1,"(206, '14057-1')"
200,1 4 0 5 7 - 1 - T A M A N   S U N G G A L A   H A R T A M A S,CANGKAT HARTAMAS SDN. BHD.,14057,14057/02-2028/0015(A),06 Feb 2023,05 Feb 2028,067607338,general@chsb.com.my,-,"14057-1,",SIAP DENGAN: CCC PENUH,14057-1/09-2018/02259(P),08 Sep 2017,07 Sep 2018,"RM 74,888.00",93.00mps - 218.00mps,RUMAH TERES,1,0,0,93,102,5,"74,888.00","155,218.00",100.00,SIAP DENGAN: CCC PENUH,"[""2.500903, 101.863394""]",,https://teduh.kpkt.gov.my/project-swasta/14057-1,"(206, '14057-1')"
201,1 4 0 5 7 - 1 - T A M A N   S U N G G A L A   H A R T A M A S,CANGKAT HARTAMAS SDN. BHD.,14057,14057/02-2028/0015(A),06 Feb 2023,05 Feb 2028,067607338,general@chsb.com.my,-,"14057-1,",SIAP DENGAN: CCC PENUH,14057-1/09-2018/02259(P),08 Sep 2017,07 Sep 2018,"RM 74,888.00",93.00mps - 218.00mps,RUMAH BERKEMBAR,1,0,0,179,66,2,"368,888.00","455,843.00",100.00,SIAP DENGAN: CCC PENUH,"[""2.500903, 101.863394""]",,https://teduh.kpkt.gov.my/project-swasta/14057-1,"(206, '14057-1')"
202,1 4 0 5 7 - 1 - T A M A N   S U N G G A L A   H A R T A M A S,CANGKAT HARTAMAS SDN. BHD.,14057,14057/02-2028/0015(A),06 Feb 2023,05 Feb 2028,067607338,general@chsb.com.my,-,"14057-1,",SIAP DENGAN: CCC PENUH,14057-1/09-2018/02259(P),08 Sep 2017,07 Sep 2018,"RM 74,888.00",93.00mps - 218.00mps,RUMAH TERES,1,0,0,102,284,1,"188,888.00","307,648.00",100.00,SIAP DENGAN: CCC PENUH,"[""2.500903, 101.863394""]",,https://teduh.kpkt.gov.my/project-swasta/14057-1,"(206, '14057-1')"
203,1 4 0 5 7 - 2 - T A M A N   L U K U T   I D A M A N,CANGKAT HARTAMAS SDN. BHD.,14057,14057/02-2028/0015(A),06 Feb 2023,05 Feb 2028,067607338,general@chsb.com.my,-,"14057-2,",SIAP DENGAN: CCC PENUH,14057-2/04-2021/0309(P),10 Apr 2019,09 Apr 2021,"RM 248,000.00",87.97mps - 105.53mps,RUMAH TERES,1,0,0,106,55,0,"305,000.00","459,496.00",100.00,SIAP DENGAN: CCC PENUH,"[""2.570799, 101.838259""]",,https://teduh.kpkt.gov.my/project-swasta/14057-2,"(207, '14057-2')"
204,1 4 0 5 7 - 2 - T A M A N   L U K U T   I D A M A N,CANGKAT HARTAMAS SDN. BHD.,14057,14057/02-2028/0015(A),06 Feb 2023,05 Feb 2028,067607338,general@chsb.com.my,-,"14057-2,",SIAP DENGAN: CCC PENUH,14057-2/04-2021/0309(P),10 Apr 2019,09 Apr 2021,"RM 248,000.00",87.97mps - 105.53mps,RUMAH TERES,1,0,0,88,25,0,"248,000.00","314,728.00",100.00,SIAP DENGAN: CCC PENUH,"[""2.570799, 101.838259""]",,https://teduh.kpkt.gov.my/project-swasta/14057-2,"(207, '14057-2')"
205,1 4 0 5 7 - 3 - T A M A N   A N G S A M A S   2,CANGKAT HARTAMAS SDN. BHD.,14057,14057/02-2028/0015(A),06 Feb 2023,05 Feb 2028,067607338,general@chsb.com.my,-,"14057-3,",SIAP DENGAN: CCC PENUH,14057-3/02-2024/0288(R)-(L),06 Feb 2023,05 Feb 2024,"RM 80,000.00",0.00mps - 248.76mps,RUMAH TERES,1,0,0,84 - 88,27,27,"80,000.00","144,880.00",100.00,SIAP DENGAN: CCC PENUH,"[""2.648983, 101.929548""]",,https://teduh.kpkt.gov.my/project-swasta/14057-3,"(208, '14057-3')"
206,1 4 0 5 7 - 3 - T A M A N   A N G S A M A S   2,CANGKAT HARTAMAS SDN. BHD.,14057,14057/02-2028/0015(A),06 Feb 2023,05 Feb 2028,067607338,general@chsb.com.my,-,"14057-3,",SIAP DENGAN: CCC PENUH,14057-3/02-2024/0288(R)-(L),06 Feb 2023,05 Feb 2024,"RM 80,000.00",0.00mps - 248.76mps,RUMAH TERES,1,0,0,0,25,0,"225,000.00","361,300.00",100.00,SIAP DENGAN: CCC PENUH,"[""2.648983, 101.929548""]",,https://teduh.kpkt.gov.my/project-swasta/14057-3,"(208, '14057-3')"
207,1 4 0 5 7 - 3 - T A M A N   A N G S A M A S   2,CANGKAT HARTAMAS SDN. BHD.,14057,14057/02-2028/0015(A),06 Feb 2023,05 Feb 2028,067607338,general@chsb.com.my,-,"14057-3,",SIAP DENGAN: CCC PENUH,14057-3/02-2024/0288(R)-(L),06 Feb 2023,05 Feb 2024,"RM 80,000.00",0.00mps - 248.76mps,RUMAH TERES,2,0,0,0,21,0,"340,200.00","478,500.00",100.00,SIAP DENGAN: CCC PENUH,"[""2.648983, 101.929548""]",,https://teduh.kpkt.gov.my/project-swasta/14057-3,"(208, '14057-3')"
208,1 4 0 5 7 - 3 - T A M A N   A N G S A M A S   2,CANGKAT HARTAMAS SDN. BHD.,14057,14057/02-2028/0015(A),06 Feb 2023,05 Feb 2028,067607338,general@chsb.com.my,-,"14057-3,",SIAP DENGAN: CCC PENUH,14057-3/02-2024/0288(R)-(L),06 Feb 2023,05 Feb 2024,"RM 80,000.00",0.00mps - 248.76mps,RUMAH TERES,2,0,0,0 - 249,62,2,"412,200.00","759,720.00",100.00,SIAP DENGAN: CCC PENUH,"[""2.648983, 101.929548""]",,https://teduh.kpkt.gov.my/project-swasta/14057-3,"(208, '14057-3')"
209,1 4 0 5 7 - 4 - T A M A N   S H O R E A   H A R T A M A S,CANGKAT HARTAMAS SDN. BHD.,14057,14057/02-2028/0015(A),06 Feb 2023,05 Feb 2028,067607338,general@chsb.com.my,-,"14057-4,",BERJALAN LANCAR,14057-4/05-2025/0622(N)-(L),01 Jun 2023,31 May 2025,"RM 80,000.00",84.21mps - 220.08mps,RUMAH TERES,1,0,0,84 - 88,90,90,"80,000.00","245,182.44",5.00,BERJALAN LANCAR,"[""2.462917, 101.889082""]",,https://teduh.kpkt.gov.my/project-swasta/14057-4,"(209, '14057-4')"
210,1 4 0 5 7 - 4 - T A M A N   S H O R E A   H A R T A M A S,CANGKAT HARTAMAS SDN. BHD.,14057,14057/02-2028/0015(A),06 Feb 2023,05 Feb 2028,067607338,general@chsb.com.my,-,"14057-4,",BERJALAN LANCAR,14057-4/05-2025/0622(N)-(L),01 Jun 2023,31 May 2025,"RM 80,000.00",84.21mps - 220.08mps,RUMAH TERES,2,4,"2, 4",203 - 220,61,25,"400,000.00","538,235.08",12.46,BERJALAN LANCAR,"[""2.462917, 101.889082""]",,https://teduh.kpkt.gov.my/project-swasta/14057-4,"(209, '14057-4')"
211,1 4 0 5 7 - 4 - T A M A N   S H O R E A   H A R T A M A S,CANGKAT HARTAMAS SDN. BHD.,14057,14057/02-2028/0015(A),06 Feb 2023,05 Feb 2028,067607338,general@chsb.com.my,-,"14057-4,",BERJALAN LANCAR,14057-4/05-2025/0622(N)-(L),01 Jun 2023,31 May 2025,"RM 80,000.00",84.21mps - 220.08mps,RUMAH TERES,1,3,2,101 - 105,84,31,"250,000.00","426,682.60",28.04,BERJALAN LANCAR,"[""2.462917, 101.889082""]",,https://teduh.kpkt.gov.my/project-swasta/14057-4,"(209, '14057-4')"
212,1 4 0 5 7 - 4 - T A M A N   S H O R E A   H A R T A M A S,CANGKAT HARTAMAS SDN. BHD.,14057,14057/02-2028/0015(A),06 Feb 2023,05 Feb 2028,067607338,general@chsb.com.my,-,"14057-4,",BERJALAN LANCAR,14057-4/05-2025/0622(N)-(L),01 Jun 2023,31 May 2025,"RM 80,000.00",84.21mps - 220.08mps,RUMAH TERES,1,"3, 4",2,124 - 128,46,6,"350,000.00","472,734.92",25.00,BERJALAN LANCAR,"[""2.462917, 101.889082""]",,https://teduh.kpkt.gov.my/project-swasta/14057-4,"(209, '14057-4')"
213,1 4 0 5 7 - 4 - T A M A N   S H O R E A   H A R T A M A S,CANGKAT HARTAMAS SDN. BHD.,14057,14057/02-2028/0015(A),06 Feb 2023,05 Feb 2028,067607338,general@chsb.com.my,-,"14057-4,",BERJALAN LANCAR,14057-4/05-2025/0622(N)-(L),01 Jun 2023,31 May 2025,"RM 80,000.00",84.21mps - 220.08mps,RUMAH TERES,1,3,2,111 - 115,141,27,"250,000.00","412,010.28",39.75,BERJALAN LANCAR,"[""2.462917, 101.889082""]",,https://teduh.kpkt.gov.my/project-swasta/14057-4,"(209, '14057-4')"
214,1 4 0 5 8 - 1 - T H E   Z I Z Z @ D A M A N S A R A   N O R T H,JAYA MEGAH BUILDING & ENGINEERING SDN. BHD.,14058,14058/01-2025/1092(R),04 Jan 2020,03 Jan 2025,-,-,shayher.charmaine@gmail.com,"14058-1,",SIAP DENGAN: CCC PENUH,14058-1/06-2018/01725(P),30 Jun 2017,29 Jun 2018,"RM 366,300.00",84.40mps,PANGSAPURI SERVIS,28,0,0,84,618,26,"366,300.00","870,000.00",100.00,SIAP DENGAN: CCC PENUH,"[""3.198390, 101.595170""]",,https://teduh.kpkt.gov.my/project-swasta/14058-1,"(210, '14058-1')"
215,1 4 0 5 8 - 2 - T H E   Z I Z Z @ D A M A N S A R A   N O R T H,JAYA MEGAH BUILDING & ENGINEERING SDN. BHD.,14058,14058/01-2025/1092(R),04 Jan 2020,03 Jan 2025,-,-,shayher.charmaine@gmail.com,"14058-2,",SIAP DENGAN: CCC PENUH,14058-2/03-2019/01546(P),16 Mar 2018,15 Mar 2019,"RM 379,050.00",64.57mps,PANGSAPURI SERVIS,32,0,0,65,490,79,"379,050.00","617,400.00",100.00,SIAP DENGAN: CCC PENUH,"[""3.198390, 101.595170""]",,https://teduh.kpkt.gov.my/project-swasta/14058-2,"(211, '14058-2')"
