,Unnamed: 0,index,Nama Pemaju,Kod Pemaju,No. Lesen,Tarikh Mula Lesen,Tarikh Tamat Lesen,No. Telefon,Emel,Laman Web,Kod Pemajuan,Status Projek (Keseluruhan),No. Permit,Tarikh Mula Permit,Tarikh Tamat Permit,Harga Bermula,Keluasan,Jenis Rumah,Bil. Tingkat,Bil. Bilik,Bil. Tandas,Keluasan Binaan (mps),Bil. Unit,Anggaran Baki Unit,Harga Minimum (RM),Harga Maksimum (RM),Peratus Sebenar %,Location,Address,Link,Website Location
0,0,1 3 4 0 3 - 1 - S H A F T S B U R Y   R E S O U R C E S   S D N   B H D,SHAFTSBURY AVENUE SDN. BHD.,13403,13403-1/07-2020/02396(L),11 Jul 2019,10 Jul 2020,-,-,-,"13403-1,",SIAP DENGAN: CCC PENUH,13403-1/04-2019/01759(P),17 Apr 2018,16 Apr 2019,"RM 520,000.00",0.00mps - 731.00mps,PANGSAPURI SERVIS,25.0,0,0,686,285,11,"520,000.00","706,000.00",100.0,"[""2.939400, 101.713300""]",,https://teduh.kpkt.gov.my/project-swasta/13403-1,"(0, '13403-1')"
1,1,1 3 4 0 3 - 1 - S H A F T S B U R Y   R E S O U R C E S   S D N   B H D,SHAFTSBURY AVENUE SDN. BHD.,13403,13403-1/07-2020/02396(L),11 Jul 2019,10 Jul 2020,-,-,-,"13403-1,",SIAP DENGAN: CCC PENUH,13403-1/04-2019/01759(P),17 Apr 2018,16 Apr 2019,"RM 520,000.00",0.00mps - 731.00mps,PANGSAPURI SERVIS,25.0,0,0,731,22,1,"580,000.00","743,000.00",100.0,"[""2.939400, 101.713300""]",,https://teduh.kpkt.gov.my/project-swasta/13403-1,"(0, '13403-1')"
2,2,1 3 4 0 3 - 1 - S H A F T S B U R Y   R E S O U R C E S   S D N   B H D,SHAFTSBURY AVENUE SDN. BHD.,13403,13403-1/07-2020/02396(L),11 Jul 2019,10 Jul 2020,-,-,-,"13403-1,",SIAP DENGAN: CCC PENUH,13403-1/04-2019/01759(P),17 Apr 2018,16 Apr 2019,"RM 520,000.00",0.00mps - 731.00mps,PANGSAPURI SERVIS,35.0,0,0,0,31,31,"943,000.00","1,039,000.00",100.0,"[""2.939400, 101.713300""]",,https://teduh.kpkt.gov.my/project-swasta/13403-1,"(0, '13403-1')"
3,3,1 3 4 0 3 - 1 - S H A F T S B U R Y   R E S O U R C E S   S D N   B H D,SHAFTSBURY AVENUE SDN. BHD.,13403,13403-1/07-2020/02396(L),11 Jul 2019,10 Jul 2020,-,-,-,"13403-1,",SIAP DENGAN: CCC PENUH,13403-1/04-2019/01759(P),17 Apr 2018,16 Apr 2019,"RM 520,000.00",0.00mps - 731.00mps,PANGSAPURI SERVIS,35.0,0,0,0,31,31,"1,417,000.00","1,538,000.00",100.0,"[""2.939400, 101.713300""]",,https://teduh.kpkt.gov.my/project-swasta/13403-1,"(0, '13403-1')"
4,4,1 3 4 0 3 - 1 - S H A F T S B U R Y   R E S O U R C E S   S D N   B H D,SHAFTSBURY AVENUE SDN. BHD.,13403,13403-1/07-2020/02396(L),11 Jul 2019,10 Jul 2020,-,-,-,"13403-1,",SIAP DENGAN: CCC PENUH,13403-1/04-2019/01759(P),17 Apr 2018,16 Apr 2019,"RM 520,000.00",0.00mps - 731.00mps,PANGSAPURI SERVIS,35.0,0,0,0,1,1,"3,852,000.00","3,852,000.00",100.0,"[""2.939400, 101.713300""]",,https://teduh.kpkt.gov.my/project-swasta/13403-1,"(0, '13403-1')"
5,5,1 3 4 0 3 - 1 - S H A F T S B U R Y   R E S O U R C E S   S D N   B H D,SHAFTSBURY AVENUE SDN. BHD.,13403,13403-1/07-2020/02396(L),11 Jul 2019,10 Jul 2020,-,-,-,"13403-1,",SIAP DENGAN: CCC PENUH,13403-1/04-2019/01759(P),17 Apr 2018,16 Apr 2019,"RM 520,000.00",0.00mps - 731.00mps,PANGSAPURI SERVIS,35.0,0,0,0,340,340,"670,000.00","792,000.00",100.0,"[""2.939400, 101.713300""]",,https://teduh.kpkt.gov.my/project-swasta/13403-1,"(0, '13403-1')"
6,6,1 3 4 0 3 - 1 - S H A F T S B U R Y   R E S O U R C E S   S D N   B H D,SHAFTSBURY AVENUE SDN. BHD.,13403,13403-1/07-2020/02396(L),11 Jul 2019,10 Jul 2020,-,-,-,"13403-1,",SIAP DENGAN: CCC PENUH,13403-1/04-2019/01759(P),17 Apr 2018,16 Apr 2019,"RM 520,000.00",0.00mps - 731.00mps,PANGSAPURI SERVIS,35.0,0,0,0,1,1,"3,857,000.00","3,857,000.00",100.0,"[""2.939400, 101.713300""]",,https://teduh.kpkt.gov.my/project-swasta/13403-1,"(0, '13403-1')"
7,7,1 3 4 0 3 - 1 - S H A F T S B U R Y   R E S O U R C E S   S D N   B H D,SHAFTSBURY AVENUE SDN. BHD.,13403,13403-1/07-2020/02396(L),11 Jul 2019,10 Jul 2020,-,-,-,"13403-1,",SIAP DENGAN: CCC PENUH,13403-1/04-2019/01759(P),17 Apr 2018,16 Apr 2019,"RM 520,000.00",0.00mps - 731.00mps,PANGSAPURI SERVIS,35.0,0,0,0,1,1,"3,000,000.00","3,000,000.00",100.0,"[""2.939400, 101.713300""]",,https://teduh.kpkt.gov.my/project-swasta/13403-1,"(0, '13403-1')"
8,8,1 3 4 0 3 - 1 - S H A F T S B U R Y   R E S O U R C E S   S D N   B H D,SHAFTSBURY AVENUE SDN. BHD.,13403,13403-1/07-2020/02396(L),11 Jul 2019,10 Jul 2020,-,-,-,"13403-1,",SIAP DENGAN: CCC PENUH,13403-1/04-2019/01759(P),17 Apr 2018,16 Apr 2019,"RM 520,000.00",0.00mps - 731.00mps,PANGSAPURI SERVIS,35.0,0,0,0,1,1,"2,757,000.00","2,757,000.00",100.0,"[""2.939400, 101.713300""]",,https://teduh.kpkt.gov.my/project-swasta/13403-1,"(0, '13403-1')"
9,9,1 3 4 0 3 - 1 - S H A F T S B U R Y   R E S O U R C E S   S D N   B H D,SHAFTSBURY AVENUE SDN. BHD.,13403,13403-1/07-2020/02396(L),11 Jul 2019,10 Jul 2020,-,-,-,"13403-1,",SIAP DENGAN: CCC PENUH,13403-1/04-2019/01759(P),17 Apr 2018,16 Apr 2019,"RM 520,000.00",0.00mps - 731.00mps,PANGSAPURI SERVIS,35.0,0,0,0,1,1,"4,408,000.00","4,408,000.00",100.0,"[""2.939400, 101.713300""]",,https://teduh.kpkt.gov.my/project-swasta/13403-1,"(0, '13403-1')"
10,10,1 3 4 0 3 - 1 - S H A F T S B U R Y   R E S O U R C E S   S D N   B H D,SHAFTSBURY AVENUE SDN. BHD.,13403,13403-1/07-2020/02396(L),11 Jul 2019,10 Jul 2020,-,-,-,"13403-1,",SIAP DENGAN: CCC PENUH,13403-1/04-2019/01759(P),17 Apr 2018,16 Apr 2019,"RM 520,000.00",0.00mps - 731.00mps,PANGSAPURI SERVIS,35.0,0,0,0,1,1,"2,778,000.00","2,778,000.00",100.0,"[""2.939400, 101.713300""]",,https://teduh.kpkt.gov.my/project-swasta/13403-1,"(0, '13403-1')"
11,11,1 3 4 0 3 - 1 - S H A F T S B U R Y   R E S O U R C E S   S D N   B H D,SHAFTSBURY AVENUE SDN. BHD.,13403,13403-1/07-2020/02396(L),11 Jul 2019,10 Jul 2020,-,-,-,"13403-1,",SIAP DENGAN: CCC PENUH,13403-1/04-2019/01759(P),17 Apr 2018,16 Apr 2019,"RM 520,000.00",0.00mps - 731.00mps,PANGSAPURI SERVIS,35.0,0,0,0,31,31,"941,000.00","1,047,000.00",100.0,"[""2.939400, 101.713300""]",,https://teduh.kpkt.gov.my/project-swasta/13403-1,"(0, '13403-1')"
12,12,1 3 9 3 9 - 1 - P U D I N A   P P A 1 M,WESTSTAR CONSTRUCTION SDN. BHD.,13939,13939-1/04-2020/01891(L),18 Apr 2019,17 Apr 2020,-,sookfongyee@weststar.com.my,-,"13939-1,",BELUM MULA,13939-1/03-2019/01647(P),30 Mar 2018,29 Mar 2019,"RM 150,000.00",0.00mps,RUMAH PANGSA/KONDO,26.0,0,0,0,"1,500","1,500","150,000.00","300,000.00",0.0,,,https://teduh.kpkt.gov.my/project-swasta/13939-1,"(1, '13939-1')"
13,13,1 4 1 4 0 - 1 - C A D A N G A N   P E M B A N G U N A N   P E R U M A H A N   P E N J A W A T   A W A M   1   M A L A Y S I A   ( P P A 1 M )   Y A N G   M E N G A N D U N G I   6 5 0   U N I T   P A N G S A P U R I,PEMBINAAN JAYA ZIRA SDN. BHD.,14140,14140-1/10-2019/02888(L),21 Oct 2018,20 Oct 2019,-,nurfathirah@pjzsb.com,www.pjzsb.com.my,"14140-1,",BELUM MULA,14140-1/10-2019/02888(P),21 Oct 2018,20 Oct 2019,"RM 150,000.00",0.00mps,RUMAH PANGSA/KONDO,19.0,0,0,0,140,140,"150,000.00","260,000.00",0.0,,,https://teduh.kpkt.gov.my/project-swasta/14140-1,"(2, '14140-1')"
14,14,1 4 1 4 0 - 1 - C A D A N G A N   P E M B A N G U N A N   P E R U M A H A N   P E N J A W A T   A W A M   1   M A L A Y S I A   ( P P A 1 M )   Y A N G   M E N G A N D U N G I   6 5 0   U N I T   P A N G S A P U R I,PEMBINAAN JAYA ZIRA SDN. BHD.,14140,14140-1/10-2019/02888(L),21 Oct 2018,20 Oct 2019,-,nurfathirah@pjzsb.com,www.pjzsb.com.my,"14140-1,",BELUM MULA,14140-1/10-2019/02888(P),21 Oct 2018,20 Oct 2019,"RM 150,000.00",0.00mps,RUMAH PANGSA/KONDO,24.0,0,0,0,184,184,"150,000.00","260,000.00",0.0,,,https://teduh.kpkt.gov.my/project-swasta/14140-1,"(2, '14140-1')"
15,15,1 4 1 4 0 - 1 - C A D A N G A N   P E M B A N G U N A N   P E R U M A H A N   P E N J A W A T   A W A M   1   M A L A Y S I A   ( P P A 1 M )   Y A N G   M E N G A N D U N G I   6 5 0   U N I T   P A N G S A P U R I,PEMBINAAN JAYA ZIRA SDN. BHD.,14140,14140-1/10-2019/02888(L),21 Oct 2018,20 Oct 2019,-,nurfathirah@pjzsb.com,www.pjzsb.com.my,"14140-1,",BELUM MULA,14140-1/10-2019/02888(P),21 Oct 2018,20 Oct 2019,"RM 150,000.00",0.00mps,RUMAH PANGSA/KONDO,23.0,0,0,0,174,174,"150,000.00","260,000.00",0.0,,,https://teduh.kpkt.gov.my/project-swasta/14140-1,"(2, '14140-1')"
16,16,1 4 1 4 0 - 1 - C A D A N G A N   P E M B A N G U N A N   P E R U M A H A N   P E N J A W A T   A W A M   1   M A L A Y S I A   ( P P A 1 M )   Y A N G   M E N G A N D U N G I   6 5 0   U N I T   P A N G S A P U R I,PEMBINAAN JAYA ZIRA SDN. BHD.,14140,14140-1/10-2019/02888(L),21 Oct 2018,20 Oct 2019,-,nurfathirah@pjzsb.com,www.pjzsb.com.my,"14140-1,",BELUM MULA,14140-1/10-2019/02888(P),21 Oct 2018,20 Oct 2019,"RM 150,000.00",0.00mps,RUMAH PANGSA/KONDO,20.0,0,0,0,152,152,"150,000.00","260,000.00",0.0,,,https://teduh.kpkt.gov.my/project-swasta/14140-1,"(2, '14140-1')"
17,17,1 4 2 1 7 - 1 - P E R U M A H A N   P E N J A W A T   A W A M   1   M A L A Y S I A   ( P P A 1 M )   6 R 9   P R E S I N T   6   P U T R A J A Y A,PROTASCO DEVELOPMENT SDN. BHD.,14217,14217/07-2025/1141(R),15 Jul 2022,14 Jul 2025,-,-,-,"14217-1,",SIAP DENGAN: CFO PENUH,14217-1/01-2018/18(P),09 Jan 2016,08 Jan 2018,"RM 150,000.00",0.00mps,RUMAH PANGSA/KONDO,24.0,0,0,0,"1,680","1,680","150,000.00","300,000.00",100.0,"[""2.899208, 101.662938""]",,https://teduh.kpkt.gov.my/project-swasta/14217-1,"(3, '14217-1')"
18,18,1 4 2 1 7 - 2 - P E R U M A H A N   P E N J A W A T   A W A M   1   M A L A Y S I A   ( P P A 1 M )   S A D E R I   D I   P R E S I N T   1 6,PROTASCO DEVELOPMENT SDN. BHD.,14217,14217/07-2025/1141(R),15 Jul 2022,14 Jul 2025,-,-,-,"14217-2,",SIAP DENGAN: CFO PENUH,14217-2/07-2021/02626(P),15 Jul 2020,14 Jul 2021,"RM 150,000.00",102.19mps,RUMAH PANGSA/KONDO,23.0,0,0,102,642,0,"150,000.00","260,000.00",100.0,"[""2.936298, 101.709432""]",,https://teduh.kpkt.gov.my/project-swasta/14217-2,"(4, '14217-2')"
19,19,1 4 2 1 7 - 2 - P E R U M A H A N   P E N J A W A T   A W A M   1   M A L A Y S I A   ( P P A 1 M )   S A D E R I   D I   P R E S I N T   1 6,PROTASCO DEVELOPMENT SDN. BHD.,14217,14217/07-2025/1141(R),15 Jul 2022,14 Jul 2025,-,-,-,"14217-2,",SIAP DENGAN: CFO PENUH,14217-2/07-2021/02626(P),15 Jul 2020,14 Jul 2021,"RM 150,000.00",102.19mps,RUMAH PANGSA/KONDO,23.0,0,0,102,458,1,"150,000.00","260,000.00",100.0,"[""2.936298, 101.709432""]",,https://teduh.kpkt.gov.my/project-swasta/14217-2,"(4, '14217-2')"
20,20,1 4 3 3 2 - 1 - P E R U M A H A N   P E N J A W A T   A W A M   1   M A L A Y S I A,APEX COMMUNICATIONS SDN. BHD.,14332,14332/07-2024/0226(R),25 Jul 2019,24 Jul 2024,-,-,-,"14332-1,",BELUM MULA,14332-1/07-2019/02471(P),25 Jul 2018,24 Jul 2019,"RM 150,000.00",0.00mps,RUMAH PANGSA/KONDO,25.0,0,0,0,517,517,"150,000.00","300,000.00",0.0,,,https://teduh.kpkt.gov.my/project-swasta/14332-1,"(5, '14332-1')"
21,21,1 9 3 2 2 - 1 - A N T A R A   R E S I D E N C E,NADI CERGAS DEVELOPMENT SDN. BHD.,19322,19322/03-2025/0248(R),26 Mar 2022,25 Mar 2025,-,-,-,"19322-1,",SIAP DENGAN: CCC PENUH,19322-1/03-2024/0644(R)-(S),26 Mar 2023,25 Mar 2024,"RM 295,403.00",0.00mps - 73.95mps,PANGSAPURI SERVIS,29.0,0,0,0 - 74,458,112,"295,403.00","716,647.00",100.0,"[""2.895787, 101.666075""]",,https://teduh.kpkt.gov.my/project-swasta/19322-1,"(61, '19322-1')"
22,22,7 4 0 3 - 1 0 - P U T R A J A Y A   P R E C I N C T   9,SETIA PUTRAJAYA DEVELOPMENT SDN. BHD.,7403,7403/10-2026/1189(R),08 Oct 2023,07 Oct 2026,-,-,-,"7403-10,",SIAP DENGAN: CCC PENUH,7403-10/2634/2006(11),18 Nov 2005,17 Nov 2006,"RM 205,672.50",0.00mps,RUMAH TERES,2.0,0,0,0,138,138,"205,672.50","482,289.00",100.0,,,https://teduh.kpkt.gov.my/project-swasta/7403-10,"(6, '7403-10')"
23,23,7 4 0 3 - 1 1 - P A R K   V I L L A G E   C O N D O M I N I U M,SETIA PUTRAJAYA DEVELOPMENT SDN. BHD.,7403,7403/10-2026/1189(R),08 Oct 2023,07 Oct 2026,-,-,-,"7403-11,",SIAP DENGAN: CCC PENUH,7403-11/1042/2012(05),02 May 2012,01 May 2013,"RM 427,371.00",0.00mps,RUMAH PANGSA/KONDO,11.0,0,0,0,87,0,"427,371.00","1,000,654.00",100.0,,,https://teduh.kpkt.gov.my/project-swasta/7403-11,"(7, '7403-11')"
24,24,7 4 0 3 - 1 1 - P A R K   V I L L A G E   C O N D O M I N I U M,SETIA PUTRAJAYA DEVELOPMENT SDN. BHD.,7403,7403/10-2026/1189(R),08 Oct 2023,07 Oct 2026,-,-,-,"7403-11,",SIAP DENGAN: CCC PENUH,7403-11/1042/2012(05),02 May 2012,01 May 2013,"RM 427,371.00",0.00mps,RUMAH PANGSA/KONDO,4.0,0,0,0,32,0,"486,989.00","590,851.00",100.0,,,https://teduh.kpkt.gov.my/project-swasta/7403-11,"(7, '7403-11')"
25,25,7 4 0 3 - 1 2 - P A N G S A P U R I   D W I P U T R A,SETIA PUTRAJAYA DEVELOPMENT SDN. BHD.,7403,7403/10-2026/1189(R),08 Oct 2023,07 Oct 2026,-,-,-,"7403-12,",SIAP DENGAN: CCC PENUH,7403-12/03-2017/01328(P),17 Mar 2016,16 Mar 2017,"RM 389,500.00",0.00mps,RUMAH PANGSA/KONDO,19.0,0,0,0,183,0,"389,500.00","670,800.00",100.0,,,https://teduh.kpkt.gov.my/project-swasta/7403-12,"(8, '7403-12')"
26,26,7 4 0 3 - 1 2 - P A N G S A P U R I   D W I P U T R A,SETIA PUTRAJAYA DEVELOPMENT SDN. BHD.,7403,7403/10-2026/1189(R),08 Oct 2023,07 Oct 2026,-,-,-,"7403-12,",SIAP DENGAN: CCC PENUH,7403-12/03-2017/01328(P),17 Mar 2016,16 Mar 2017,"RM 389,500.00",0.00mps,RUMAH PANGSA/KONDO,25.0,0,0,0,257,1,"389,500.00","694,200.00",100.0,,,https://teduh.kpkt.gov.my/project-swasta/7403-12,"(8, '7403-12')"
27,27,7 4 0 3 - 1 2 - P A N G S A P U R I   D W I P U T R A,SETIA PUTRAJAYA DEVELOPMENT SDN. BHD.,7403,7403/10-2026/1189(R),08 Oct 2023,07 Oct 2026,-,-,-,"7403-12,",SIAP DENGAN: CCC PENUH,7403-12/03-2017/01328(P),17 Mar 2016,16 Mar 2017,"RM 389,500.00",0.00mps,RUMAH PANGSA/KONDO,25.0,0,0,0,257,8,"506,350.00","791,000.00",100.0,,,https://teduh.kpkt.gov.my/project-swasta/7403-12,"(8, '7403-12')"
28,28,7 4 0 3 - 1 2 - P A N G S A P U R I   D W I P U T R A,SETIA PUTRAJAYA DEVELOPMENT SDN. BHD.,7403,7403/10-2026/1189(R),08 Oct 2023,07 Oct 2026,-,-,-,"7403-12,",SIAP DENGAN: CCC PENUH,7403-12/03-2017/01328(P),17 Mar 2016,16 Mar 2017,"RM 389,500.00",0.00mps,RUMAH PANGSA/KONDO,19.0,0,0,0,183,9,"548,000.00","705,000.00",100.0,,,https://teduh.kpkt.gov.my/project-swasta/7403-12,"(8, '7403-12')"
29,29,7 4 0 3 - 1 3 - R E S I D E N S I   S E T I A   S E R A Y A,SETIA PUTRAJAYA DEVELOPMENT SDN. BHD.,7403,7403/10-2026/1189(R),08 Oct 2023,07 Oct 2026,-,-,-,"7403-13,",SIAP DENGAN: CCC PENUH,7403-13/10-2023/1078(R)-(S),08 Oct 2022,07 Oct 2023,"RM 411,000.00",0.00mps,RUMAH PANGSA/KONDO,35.0,0,0,0,363,190,"411,000.00","1,213,200.00",100.0,"[""2.940729, 101.715953""]",,https://teduh.kpkt.gov.my/project-swasta/7403-13,"(57, '7403-13')"
30,30,7 4 0 3 - 8 - P U T R A J A Y A   P R E C I N C T   9,SETIA PUTRAJAYA DEVELOPMENT SDN. BHD.,7403,7403/10-2026/1189(R),08 Oct 2023,07 Oct 2026,-,-,-,"7403-8,",SIAP DENGAN: CCC PENUH,7403-8/1504/2005(07),22 Jul 2004,21 Jul 2005,"RM 550,275.00",0.00mps,RUMAH BERKEMBAR,2.5,0,0,0,56,56,"550,275.00","903,070.00",100.0,,,https://teduh.kpkt.gov.my/project-swasta/7403-8,"(9, '7403-8')"
31,31,7 4 7 9 - 1 0 - P A L L A D I U M - P R E C I N C T   1 4,PUTRAJAYA HOMES SDN. BHD.,7479,7479/03-2028/0489(A),31 Mar 2023,30 Mar 2028,0388838850,azlany@pjh.com.my,-,"7479-10,",SIAP DENGAN: CFO PENUH,7479-10/618/2010(03),30 Mar 2009,29 Mar 2010,"RM 380,888.00",0.00mps,RUMAH TERES,2.0,0,0,0,85,85,"380,888.00","544,646.00",95.0,,,https://teduh.kpkt.gov.my/project-swasta/7479-10,"(10, '7479-10')"
32,32,7 4 7 9 - 1 1 - 1 8 R 1,PUTRAJAYA HOMES SDN. BHD.,7479,7479/03-2028/0489(A),31 Mar 2023,30 Mar 2028,0388838850,azlany@pjh.com.my,-,"7479-11,",SIAP DENGAN: CFO PENUH,7479-11/02-2024/1189(R)-(L),04 Feb 2010,03 Feb 2024,"RM 420,018.00",224.81mps - 327.56mps,RUMAH TERES,2.5,0,0,225 - 279,58,58,"420,018.00","730,421.00",95.0,,,https://teduh.kpkt.gov.my/project-swasta/7479-11,"(60, '7479-11')"
33,33,7 4 7 9 - 1 1 - 1 8 R 1,PUTRAJAYA HOMES SDN. BHD.,7479,7479/03-2028/0489(A),31 Mar 2023,30 Mar 2028,0388838850,azlany@pjh.com.my,-,"7479-11,",SIAP DENGAN: CFO PENUH,7479-11/02-2024/1189(R)-(L),04 Feb 2010,03 Feb 2024,"RM 420,018.00",224.81mps - 327.56mps,RUMAH BERKEMBAR,2.5,0,0,302 - 328,34,34,"788,818.00","1,104,681.00",86.95,,,https://teduh.kpkt.gov.my/project-swasta/7479-11,"(60, '7479-11')"
34,34,7 4 7 9 - 1 1 - 1 8 R 1,PUTRAJAYA HOMES SDN. BHD.,7479,7479/03-2028/0489(A),31 Mar 2023,30 Mar 2028,0388838850,azlany@pjh.com.my,-,"7479-11,",SIAP DENGAN: CFO PENUH,7479-11/02-2024/1189(R)-(L),04 Feb 2010,03 Feb 2024,"RM 420,018.00",224.81mps - 327.56mps,RUMAH BERKEMBAR,2.0,0,0,317,2,2,"846,198.00","852,957.00",0.0,,,https://teduh.kpkt.gov.my/project-swasta/7479-11,"(60, '7479-11')"
35,35,7 4 7 9 - 1 2 - 8   2 A 3,PUTRAJAYA HOMES SDN. BHD.,7479,7479/03-2028/0489(A),31 Mar 2023,30 Mar 2028,0388838850,azlany@pjh.com.my,-,"7479-12,",SIAP DENGAN: CCC PENUH,7479-12/630/2011(04),06 Apr 2010,05 Apr 2011,"RM 1,796,438.00",0.00mps,RUMAH BERKEMBAR,2.5,0,0,0,26,26,"1,796,438.00","2,611,813.00",95.0,,,https://teduh.kpkt.gov.my/project-swasta/7479-12,"(11, '7479-12')"
36,36,7 4 7 9 - 1 3 - 1 8 R 5,PUTRAJAYA HOMES SDN. BHD.,7479,7479/03-2028/0489(A),31 Mar 2023,30 Mar 2028,0388838850,azlany@pjh.com.my,-,"7479-13,",SIAP DENGAN: CCC PENUH,7479-13/7/2012(05),04 Jan 2012,05 May 2012,"RM 508,018.00",0.00mps,RUMAH BERKEMBAR,2.5,0,0,0,14,0,"1,365,923.00","1,465,975.00",100.0,,,https://teduh.kpkt.gov.my/project-swasta/7479-13,"(12, '7479-13')"
37,37,7 4 7 9 - 1 3 - 1 8 R 5,PUTRAJAYA HOMES SDN. BHD.,7479,7479/03-2028/0489(A),31 Mar 2023,30 Mar 2028,0388838850,azlany@pjh.com.my,-,"7479-13,",SIAP DENGAN: CCC PENUH,7479-13/7/2012(05),04 Jan 2012,05 May 2012,"RM 508,018.00",0.00mps,RUMAH BERKEMBAR,2.5,0,0,0,36,0,"923,818.00","1,345,355.00",100.0,,,https://teduh.kpkt.gov.my/project-swasta/7479-13,"(12, '7479-13')"
38,38,7 4 7 9 - 1 3 - 1 8 R 5,PUTRAJAYA HOMES SDN. BHD.,7479,7479/03-2028/0489(A),31 Mar 2023,30 Mar 2028,0388838850,azlany@pjh.com.my,-,"7479-13,",SIAP DENGAN: CCC PENUH,7479-13/7/2012(05),04 Jan 2012,05 May 2012,"RM 508,018.00",0.00mps,RUMAH TERES,2.5,0,0,0,36,0,"508,018.00","878,762.00",100.0,,,https://teduh.kpkt.gov.my/project-swasta/7479-13,"(12, '7479-13')"
39,39,7 4 7 9 - 1 3 - 1 8 R 5,PUTRAJAYA HOMES SDN. BHD.,7479,7479/03-2028/0489(A),31 Mar 2023,30 Mar 2028,0388838850,azlany@pjh.com.my,-,"7479-13,",SIAP DENGAN: CCC PENUH,7479-13/7/2012(05),04 Jan 2012,05 May 2012,"RM 508,018.00",0.00mps,RUMAH TERES,2.5,0,0,0,16,0,"889,319.20","1,343,141.86",100.0,,,https://teduh.kpkt.gov.my/project-swasta/7479-13,"(12, '7479-13')"
40,40,7 4 7 9 - 1 3 - 1 8 R 5,PUTRAJAYA HOMES SDN. BHD.,7479,7479/03-2028/0489(A),31 Mar 2023,30 Mar 2028,0388838850,azlany@pjh.com.my,-,"7479-13,",SIAP DENGAN: CCC PENUH,7479-13/7/2012(05),04 Jan 2012,05 May 2012,"RM 508,018.00",0.00mps,RUMAH BERKEMBAR,2.5,0,0,0,48,0,"1,421,888.14","1,805,563.06",100.0,,,https://teduh.kpkt.gov.my/project-swasta/7479-13,"(12, '7479-13')"
41,41,"7 4 7 9 - 1 4 - P R E C I N C T   1 1 ,   P U T R A J A Y A",PUTRAJAYA HOMES SDN. BHD.,7479,7479/03-2028/0489(A),31 Mar 2023,30 Mar 2028,0388838850,azlany@pjh.com.my,-,"7479-14,",-,-,-,-,"RM 2,858,750.00",0.00mps,RUMAH TERES,2.0,0,0,0,26,26,"2,858,750.00","580,915.00",0.0,,,https://teduh.kpkt.gov.my/project-swasta/7479-14,"(13, '7479-14')"
42,42,"7 4 7 9 - 1 5 - P R E C I N C T   1 1 ,   P U T R A J A Y A",PUTRAJAYA HOMES SDN. BHD.,7479,7479/03-2028/0489(A),31 Mar 2023,30 Mar 2028,0388838850,azlany@pjh.com.my,-,"7479-15,",SIAP DENGAN: CFO PENUH,7479-15/1272/2011(07),05 Jul 2010,04 Jul 2011,"RM 313,830.00",0.00mps,RUMAH TERES,2.0,0,0,0,35,35,"313,830.00","567,980.00",95.0,,,https://teduh.kpkt.gov.my/project-swasta/7479-15,"(14, '7479-15')"
43,43,"7 4 7 9 - 1 5 - P R E C I N C T   1 1 ,   P U T R A J A Y A",PUTRAJAYA HOMES SDN. BHD.,7479,7479/03-2028/0489(A),31 Mar 2023,30 Mar 2028,0388838850,azlany@pjh.com.my,-,"7479-15,",SIAP DENGAN: CFO PENUH,7479-15/1272/2011(07),05 Jul 2010,04 Jul 2011,"RM 313,830.00",0.00mps,RUMAH TERES,2.0,0,0,0,29,29,"313,830.00","531,053.00",95.0,,,https://teduh.kpkt.gov.my/project-swasta/7479-15,"(14, '7479-15')"
44,44,"7 4 7 9 - 1 5 - P R E C I N C T   1 1 ,   P U T R A J A Y A",PUTRAJAYA HOMES SDN. BHD.,7479,7479/03-2028/0489(A),31 Mar 2023,30 Mar 2028,0388838850,azlany@pjh.com.my,-,"7479-15,",SIAP DENGAN: CFO PENUH,7479-15/1272/2011(07),05 Jul 2010,04 Jul 2011,"RM 313,830.00",0.00mps,RUMAH TERES,2.0,0,0,0,8,8,"313,830.00","416,515.00",95.0,,,https://teduh.kpkt.gov.my/project-swasta/7479-15,"(14, '7479-15')"
45,45,"7 4 7 9 - 1 5 - P R E C I N C T   1 1 ,   P U T R A J A Y A",PUTRAJAYA HOMES SDN. BHD.,7479,7479/03-2028/0489(A),31 Mar 2023,30 Mar 2028,0388838850,azlany@pjh.com.my,-,"7479-15,",SIAP DENGAN: CFO PENUH,7479-15/1272/2011(07),05 Jul 2010,04 Jul 2011,"RM 313,830.00",0.00mps,RUMAH BERKEMBAR,2.0,0,0,0,25,25,"441,900.00","638,585.00",95.0,,,https://teduh.kpkt.gov.my/project-swasta/7479-15,"(14, '7479-15')"
46,46,7 4 7 9 - 1 6 - P R E S I N T   1 1,PUTRAJAYA HOMES SDN. BHD.,7479,7479/03-2028/0489(A),31 Mar 2023,30 Mar 2028,0388838850,azlany@pjh.com.my,-,"7479-16,",SIAP DENGAN: CFO PENUH,7479-16/1399/2011(07),21 Jul 2010,20 Jul 2011,"RM 255,500.00",0.00mps,RUMAH PANGSA/KONDO,15.0,0,0,0,10,10,"259,500.00","269,500.00",95.0,,,https://teduh.kpkt.gov.my/project-swasta/7479-16,"(15, '7479-16')"
47,47,7 4 7 9 - 1 6 - P R E S I N T   1 1,PUTRAJAYA HOMES SDN. BHD.,7479,7479/03-2028/0489(A),31 Mar 2023,30 Mar 2028,0388838850,azlany@pjh.com.my,-,"7479-16,",SIAP DENGAN: CFO PENUH,7479-16/1399/2011(07),21 Jul 2010,20 Jul 2011,"RM 255,500.00",0.00mps,RUMAH PANGSA/KONDO,15.0,0,0,0,104,104,"255,500.00","165,500.00",95.0,,,https://teduh.kpkt.gov.my/project-swasta/7479-16,"(15, '7479-16')"
48,48,7 4 7 9 - 1 7 - P R E S I N T   1 1,PUTRAJAYA HOMES SDN. BHD.,7479,7479/03-2028/0489(A),31 Mar 2023,30 Mar 2028,0388838850,azlany@pjh.com.my,-,"7479-17,",SIAP DENGAN: CFO PENUH,7479-17/1176/2011(06),22 Jun 2010,21 Jun 2011,"RM 698,587.00",0.00mps,RUMAH BERKEMBAR,2.0,0,0,0,10,10,"698,587.00","882,996.00",95.0,,,https://teduh.kpkt.gov.my/project-swasta/7479-17,"(16, '7479-17')"
49,49,7 4 7 9 - 1 7 - P R E S I N T   1 1,PUTRAJAYA HOMES SDN. BHD.,7479,7479/03-2028/0489(A),31 Mar 2023,30 Mar 2028,0388838850,azlany@pjh.com.my,-,"7479-17,",SIAP DENGAN: CFO PENUH,7479-17/1176/2011(06),22 Jun 2010,21 Jun 2011,"RM 698,587.00",0.00mps,RUMAH BERKEMBAR,2.0,0,0,0,10,10,"778,587.00","874,382.00",95.0,,,https://teduh.kpkt.gov.my/project-swasta/7479-17,"(16, '7479-17')"
50,50,7 4 7 9 - 1 8 - P R E S I N T   1 1,PUTRAJAYA HOMES SDN. BHD.,7479,7479/03-2028/0489(A),31 Mar 2023,30 Mar 2028,0388838850,azlany@pjh.com.my,-,"7479-18,",SIAP DENGAN: CFO PENUH,7479-18/951/2010(05),14 May 2009,13 May 2010,"RM 285,875.00",0.00mps,RUMAH TERES,2.0,0,0,0,26,26,"285,875.00","580,915.00",95.0,,,https://teduh.kpkt.gov.my/project-swasta/7479-18,"(17, '7479-18')"
51,51,7 4 7 9 - 1 9 - 1 4 - 1 1,PUTRAJAYA HOMES SDN. BHD.,7479,7479/03-2028/0489(A),31 Mar 2023,30 Mar 2028,0388838850,azlany@pjh.com.my,-,"7479-19,",SIAP DENGAN: CCC PENUH,7479-19/266/2013(02),09 Feb 2012,08 Feb 2013,"RM 708,888.00",0.00mps,RUMAH BERKEMBAR,2.0,0,0,0,12,12,"926,688.00","1,010,040.00",95.0,,,https://teduh.kpkt.gov.my/project-swasta/7479-19,"(18, '7479-19')"
52,52,7 4 7 9 - 1 9 - 1 4 - 1 1,PUTRAJAYA HOMES SDN. BHD.,7479,7479/03-2028/0489(A),31 Mar 2023,30 Mar 2028,0388838850,azlany@pjh.com.my,-,"7479-19,",SIAP DENGAN: CCC PENUH,7479-19/266/2013(02),09 Feb 2012,08 Feb 2013,"RM 708,888.00",0.00mps,RUMAH TERES,2.0,0,0,0,20,20,"708,888.00","775,086.00",95.0,,,https://teduh.kpkt.gov.my/project-swasta/7479-19,"(18, '7479-19')"
53,53,7 4 7 9 - 1 9 - 1 4 - 1 1,PUTRAJAYA HOMES SDN. BHD.,7479,7479/03-2028/0489(A),31 Mar 2023,30 Mar 2028,0388838850,azlany@pjh.com.my,-,"7479-19,",SIAP DENGAN: CCC PENUH,7479-19/266/2013(02),09 Feb 2012,08 Feb 2013,"RM 708,888.00",0.00mps,RUMAH BERKEMBAR,2.0,0,0,0,10,10,"1,101,488.00","1,167,808.00",95.0,,,https://teduh.kpkt.gov.my/project-swasta/7479-19,"(18, '7479-19')"
54,54,7 4 7 9 - 2 0 - 8 - 4 H,PUTRAJAYA HOMES SDN. BHD.,7479,7479/03-2028/0489(A),31 Mar 2023,30 Mar 2028,0388838850,azlany@pjh.com.my,-,"7479-20,",SIAP DENGAN: CCC PENUH,7479-20/855/2012(04),25 Apr 2011,24 Apr 2012,"RM 2,168,888.00",0.00mps,RUMAH BERKEMBAR,3.0,0,0,0,40,0,"2,168,888.00","3,090,592.00",100.0,,,https://teduh.kpkt.gov.my/project-swasta/7479-20,"(19, '7479-20')"
55,55,7 4 7 9 - 2 1 - U R B A N   N A T U R E   L I V I N G,PUTRAJAYA HOMES SDN. BHD.,7479,7479/03-2028/0489(A),31 Mar 2023,30 Mar 2028,0388838850,azlany@pjh.com.my,-,"7479-21,",SIAP DENGAN: CCC PENUH,7479-21/1560/2012(08),04 Aug 2011,03 Aug 2012,"RM 650,888.00",0.00mps,RUMAH TERES,2.0,0,0,0,37,2,"650,888.00","933,382.00",100.0,,,https://teduh.kpkt.gov.my/project-swasta/7479-21,"(20, '7479-21')"
56,56,7 4 7 9 - 2 2 - U R B A N   G R E E N   E N C L A V E,PUTRAJAYA HOMES SDN. BHD.,7479,7479/03-2028/0489(A),31 Mar 2023,30 Mar 2028,0388838850,azlany@pjh.com.my,-,"7479-22,",SIAP DENGAN: CCC PENUH,7479-22/1839/2012(09),14 Sep 2011,13 Sep 2012,"RM 630,888.00",0.00mps,RUMAH TERES,2.0,0,0,0,45,0,"630,888.00","799,068.00",100.0,,,https://teduh.kpkt.gov.my/project-swasta/7479-22,"(21, '7479-22')"
57,57,7 4 7 9 - 2 2 - U R B A N   G R E E N   E N C L A V E,PUTRAJAYA HOMES SDN. BHD.,7479,7479/03-2028/0489(A),31 Mar 2023,30 Mar 2028,0388838850,azlany@pjh.com.my,-,"7479-22,",SIAP DENGAN: CCC PENUH,7479-22/1839/2012(09),14 Sep 2011,13 Sep 2012,"RM 630,888.00",0.00mps,RUMAH BERKEMBAR,2.0,0,0,0,4,0,"966,951.00","1,018,188.00",100.0,,,https://teduh.kpkt.gov.my/project-swasta/7479-22,"(21, '7479-22')"
58,58,7 4 7 9 - 2 3 - P R O J E K   P E R U M A H A N   R A K Y A T   1   M A L A Y S I A   ( P R 1 M A ),PUTRAJAYA HOMES SDN. BHD.,7479,7479/03-2028/0489(A),31 Mar 2023,30 Mar 2028,0388838850,azlany@pjh.com.my,-,"7479-23,",SIAP DENGAN: CCC PENUH,7479-23/04-2015/01666(P),21 Apr 2014,20 Apr 2015,"RM 120,000.00",815.00mps,RUMAH PANGSA/KONDO,14.0,0,0,815,560,3,"120,000.00","150,000.00",100.0,"[""2.965725, 101.667334""]",,https://teduh.kpkt.gov.my/project-swasta/7479-23,"(22, '7479-23')"
59,59,7 4 7 9 - 2 4 - T H E   P I N E S,PUTRAJAYA HOMES SDN. BHD.,7479,7479/03-2028/0489(A),31 Mar 2023,30 Mar 2028,0388838850,azlany@pjh.com.my,-,"7479-24,",SIAP DENGAN: CCC PENUH,7479-24/04-2014/62(P),26 Apr 2013,25 Apr 2014,"RM 570,888.00",0.00mps,RUMAH TERES,2.0,0,0,0,127,0,"570,888.00","1,034,200.00",100.0,,,https://teduh.kpkt.gov.my/project-swasta/7479-24,"(23, '7479-24')"
60,60,"7 4 7 9 - 2 5 - D U T A ,   P A L L A D I U M   3",PUTRAJAYA HOMES SDN. BHD.,7479,7479/03-2028/0489(A),31 Mar 2023,30 Mar 2028,0388838850,azlany@pjh.com.my,-,"7479-25,",SIAP DENGAN: CCC PENUH,7479-25/06-2014/0444(P),20 Jun 2013,19 Jun 2014,"RM 780,888.00",0.00mps,RUMAH TERES,2.0,0,0,0,14,0,"780,888.00","921,582.00",100.0,,,https://teduh.kpkt.gov.my/project-swasta/7479-25,"(24, '7479-25')"
61,61,"7 4 7 9 - 2 5 - D U T A ,   P A L L A D I U M   3",PUTRAJAYA HOMES SDN. BHD.,7479,7479/03-2028/0489(A),31 Mar 2023,30 Mar 2028,0388838850,azlany@pjh.com.my,-,"7479-25,",SIAP DENGAN: CCC PENUH,7479-25/06-2014/0444(P),20 Jun 2013,19 Jun 2014,"RM 780,888.00",0.00mps,RUMAH BERKEMBAR,2.0,0,0,0,14,0,"1,313,888.00","1,468,988.00",100.0,,,https://teduh.kpkt.gov.my/project-swasta/7479-25,"(24, '7479-25')"
62,62,7 4 7 9 - 2 6 - T H E   T H Y M E S   ( Z O N E   9 B ),PUTRAJAYA HOMES SDN. BHD.,7479,7479/03-2028/0489(A),31 Mar 2023,30 Mar 2028,0388838850,azlany@pjh.com.my,-,"7479-26,",SIAP DENGAN: CCC PENUH,-,-,-,"RM 1,106,000.00",0.00mps,RUMAH BERKEMBAR,2.0,0,0,0,30,0,"1,106,000.00","1,254,900.00",100.0,,,https://teduh.kpkt.gov.my/project-swasta/7479-26,"(25, '7479-26')"
63,63,7 4 7 9 - 2 7 - D U T A   H O M E S   2,PUTRAJAYA HOMES SDN. BHD.,7479,7479/03-2028/0489(A),31 Mar 2023,30 Mar 2028,0388838850,azlany@pjh.com.my,-,"7479-27,",SIAP DENGAN: CCC PENUH,7479-27/10-2014/0826(P),30 Oct 2013,29 Oct 2014,"RM 680,888.00",0.00mps,RUMAH TERES,2.0,0,0,0,72,1,"680,888.00","880,578.00",100.0,,,https://teduh.kpkt.gov.my/project-swasta/7479-27,"(26, '7479-27')"
64,64,7 4 7 9 - 2 8 - P A L M A   (   Z O N E   1 0 E   ),PUTRAJAYA HOMES SDN. BHD.,7479,7479/03-2028/0489(A),31 Mar 2023,30 Mar 2028,0388838850,azlany@pjh.com.my,-,"7479-28,",SIAP DENGAN: CCC PENUH,7479-28/02-2015/01305(P),13 Feb 2014,12 Feb 2015,"RM 688,888.00",206.20mps,RUMAH TERES,2.0,0,0,206,63,0,"688,888.00","920,977.00",100.0,,,https://teduh.kpkt.gov.my/project-swasta/7479-28,"(27, '7479-28')"
65,65,7 4 7 9 - 2 9 - F E R A   ( 8 R 7 ),PUTRAJAYA HOMES SDN. BHD.,7479,7479/03-2028/0489(A),31 Mar 2023,30 Mar 2028,0388838850,azlany@pjh.com.my,-,"7479-29,",SIAP DENGAN: CCC PENUH,7479-29/01-2017/01209(P),18 Jan 2016,17 Jan 2017,"RM 1,968,888.00",0.00mps - 314.36mps,RUMAH BERKEMBAR,2.0,0,0,314,10,0,"1,968,888.00","2,518,128.00",100.0,"[""2.926398, 101.682077""]",,https://teduh.kpkt.gov.my/project-swasta/7479-29,"(28, '7479-29')"
66,66,7 4 7 9 - 2 9 - F E R A   ( 8 R 7 ),PUTRAJAYA HOMES SDN. BHD.,7479,7479/03-2028/0489(A),31 Mar 2023,30 Mar 2028,0388838850,azlany@pjh.com.my,-,"7479-29,",SIAP DENGAN: CCC PENUH,7479-29/01-2017/01209(P),18 Jan 2016,17 Jan 2017,"RM 1,968,888.00",0.00mps - 314.36mps,RUMAH BERKEMBAR,3.0,0,0,0,52,7,"2,393,249.00","3,622,133.00",100.0,"[""2.926398, 101.682077""]",,https://teduh.kpkt.gov.my/project-swasta/7479-29,"(28, '7479-29')"
67,67,7 4 7 9 - 3 0 - T A M A R A   R E S I D E N C E S   ( 8 R 4 ),PUTRAJAYA HOMES SDN. BHD.,7479,7479/03-2028/0489(A),31 Mar 2023,30 Mar 2028,0388838850,azlany@pjh.com.my,-,"7479-30,",SIAP DENGAN: CCC PENUH,7479-30/04-2017/01708(P),21 Apr 2016,20 Apr 2017,"RM 480,888.00","1,205.00mps",RUMAH PANGSA/KONDO,21.0,0,0,"1,205",440,1,"480,888.00","572,088.00",100.0,"[""2.926917, 101.679281""]",,https://teduh.kpkt.gov.my/project-swasta/7479-30,"(29, '7479-30')"
68,68,7 4 7 9 - 3 1 - S A U J A N A   A S T E R,PUTRAJAYA HOMES SDN. BHD.,7479,7479/03-2028/0489(A),31 Mar 2023,30 Mar 2028,0388838850,azlany@pjh.com.my,-,"7479-31,",SIAP DENGAN: CCC PENUH,7479-31/09-2015/0620(P),25 Sep 2013,24 Sep 2015,"RM 380,888.00",104.70mps,RUMAH PANGSA/KONDO,15.0,0,0,105,112,0,"380,888.00","562,888.00",100.0,"[""2.955560, 101.673744""]",,https://teduh.kpkt.gov.my/project-swasta/7479-31,"(30, '7479-31')"
69,69,7 4 7 9 - 3 2 - P E L A N G I,PUTRAJAYA HOMES SDN. BHD.,7479,7479/03-2028/0489(A),31 Mar 2023,30 Mar 2028,0388838850,azlany@pjh.com.my,-,"7479-32,",SIAP DENGAN: CCC PENUH,7479-32/11-2015/0894(P),20 Nov 2013,19 Nov 2015,"RM 610,888.00",170.65mps,RUMAH TERES,2.0,0,0,171,98,0,"610,888.00","1,176,073.00",100.0,"[""2.959051, 101.667747""]",,https://teduh.kpkt.gov.my/project-swasta/7479-32,"(31, '7479-32')"
70,70,7 4 7 9 - 3 3 - A U G U S T A,PUTRAJAYA HOMES SDN. BHD.,7479,7479/03-2028/0489(A),31 Mar 2023,30 Mar 2028,0388838850,azlany@pjh.com.my,-,"7479-33,",SIAP DENGAN: CCC PENUH,7479-33/08-2018/02207(A)-(L),28 Aug 2017,27 Aug 2018,"RM 2,452,943.00",398.70mps - 445.40mps,RUMAH BERKEMBAR,3.0,0,0,399 - 445,31,30,"2,452,943.00","3,388,271.21",100.0,"[""2.957881, 101.703526""]",,https://teduh.kpkt.gov.my/project-swasta/7479-33,"(32, '7479-33')"
71,71,7 4 7 9 - 3 4 - M Y R A   R E S I D E N C E,PUTRAJAYA HOMES SDN. BHD.,7479,7479/03-2028/0489(A),31 Mar 2023,30 Mar 2028,0388838850,azlany@pjh.com.my,-,"7479-34,",SIAP DENGAN: CCC PENUH,7479-34/08-2016/0876(P),29 Aug 2014,28 Aug 2016,"RM 1,273,888.00",270.33mps - 338.55mps,RUMAH BERKEMBAR,2.0,0,0,339,12,3,"1,593,131.00","1,738,714.00",100.0,,,https://teduh.kpkt.gov.my/project-swasta/7479-34,"(33, '7479-34')"
72,72,7 4 7 9 - 3 4 - M Y R A   R E S I D E N C E,PUTRAJAYA HOMES SDN. BHD.,7479,7479/03-2028/0489(A),31 Mar 2023,30 Mar 2028,0388838850,azlany@pjh.com.my,-,"7479-34,",SIAP DENGAN: CCC PENUH,7479-34/08-2016/0876(P),29 Aug 2014,28 Aug 2016,"RM 1,273,888.00",270.33mps - 338.55mps,RUMAH BERKEMBAR,2.0,0,0,270,20,0,"1,273,888.00","1,465,218.00",100.0,,,https://teduh.kpkt.gov.my/project-swasta/7479-34,"(33, '7479-34')"
73,73,7 4 7 9 - 3 5 - D U T A   V I L L A,PUTRAJAYA HOMES SDN. BHD.,7479,7479/03-2028/0489(A),31 Mar 2023,30 Mar 2028,0388838850,azlany@pjh.com.my,-,"7479-35,",SIAP DENGAN: CCC PENUH,7479-35/10-2016/01020(P),09 Oct 2014,08 Oct 2016,"RM 1,293,688.00",358.95mps,RUMAH TERES,2.5,0,0,359,91,7,"1,293,688.00","1,602,421.00",100.0,"[""2.947388, 101.716690""]",,https://teduh.kpkt.gov.my/project-swasta/7479-35,"(34, '7479-35')"
74,74,7 4 7 9 - 3 6 - A U R A,PUTRAJAYA HOMES SDN. BHD.,7479,7479/03-2028/0489(A),31 Mar 2023,30 Mar 2028,0388838850,azlany@pjh.com.my,-,"7479-36,",SIAP DENGAN: CCC PENUH,7479-36/03-2021/01755(P),04 Mar 2020,03 Mar 2021,"RM 480,888.00",69.65mps - 106.00mps,RUMAH PANGSA/KONDO,5.0,0,0,101,25,11,"728,888.00","754,668.00",100.0,"[""6.935743, 101.682580""]",,https://teduh.kpkt.gov.my/project-swasta/7479-36,"(35, '7479-36')"
75,75,7 4 7 9 - 3 6 - A U R A,PUTRAJAYA HOMES SDN. BHD.,7479,7479/03-2028/0489(A),31 Mar 2023,30 Mar 2028,0388838850,azlany@pjh.com.my,-,"7479-36,",SIAP DENGAN: CCC PENUH,7479-36/03-2021/01755(P),04 Mar 2020,03 Mar 2021,"RM 480,888.00",69.65mps - 106.00mps,RUMAH PANGSA/KONDO,14.0,0,0,106,128,87,"718,888.00","1,026,468.00",100.0,"[""6.935743, 101.682580""]",,https://teduh.kpkt.gov.my/project-swasta/7479-36,"(35, '7479-36')"
76,76,7 4 7 9 - 3 6 - A U R A,PUTRAJAYA HOMES SDN. BHD.,7479,7479/03-2028/0489(A),31 Mar 2023,30 Mar 2028,0388838850,azlany@pjh.com.my,-,"7479-36,",SIAP DENGAN: CCC PENUH,7479-36/03-2021/01755(P),04 Mar 2020,03 Mar 2021,"RM 480,888.00",69.65mps - 106.00mps,RUMAH PANGSA/KONDO,13.0,0,0,70,91,15,"482,158.00","814,593.00",100.0,"[""6.935743, 101.682580""]",,https://teduh.kpkt.gov.my/project-swasta/7479-36,"(35, '7479-36')"
77,77,7 4 7 9 - 3 6 - A U R A,PUTRAJAYA HOMES SDN. BHD.,7479,7479/03-2028/0489(A),31 Mar 2023,30 Mar 2028,0388838850,azlany@pjh.com.my,-,"7479-36,",SIAP DENGAN: CCC PENUH,7479-36/03-2021/01755(P),04 Mar 2020,03 Mar 2021,"RM 480,888.00",69.65mps - 106.00mps,RUMAH PANGSA/KONDO,13.0,0,0,70,91,4,"480,888.00","831,593.00",100.0,"[""6.935743, 101.682580""]",,https://teduh.kpkt.gov.my/project-swasta/7479-36,"(35, '7479-36')"
78,78,7 4 7 9 - 3 6 - A U R A,PUTRAJAYA HOMES SDN. BHD.,7479,7479/03-2028/0489(A),31 Mar 2023,30 Mar 2028,0388838850,azlany@pjh.com.my,-,"7479-36,",SIAP DENGAN: CCC PENUH,7479-36/03-2021/01755(P),04 Mar 2020,03 Mar 2021,"RM 480,888.00",69.65mps - 106.00mps,RUMAH PANGSA/KONDO,5.0,0,0,103,25,15,"728,888.00","1,017,863.00",100.0,"[""6.935743, 101.682580""]",,https://teduh.kpkt.gov.my/project-swasta/7479-36,"(35, '7479-36')"
79,79,7 4 7 9 - 3 7 - A S T A N A   R E S I D E N C E S   @   P R E C I N C T   8,PUTRAJAYA HOMES SDN. BHD.,7479,7479/03-2028/0489(A),31 Mar 2023,30 Mar 2028,0388838850,azlany@pjh.com.my,-,"7479-37,",SIAP DENGAN: CCC PENUH,7479-37/09-2020/02777(P),19 Sep 2019,18 Sep 2020,"RM 3,537,000.00",534.00mps,RUMAH BERKEMBAR,3.0,0,0,534,58,52,"3,537,000.00","5,086,000.00",100.0,"[""2.934606, 101.684718""]",,https://teduh.kpkt.gov.my/project-swasta/7479-37,"(36, '7479-37')"
80,80,7 4 7 9 - 3 8 - P P A I M   P A L M A,PUTRAJAYA HOMES SDN. BHD.,7479,7479/03-2028/0489(A),31 Mar 2023,30 Mar 2028,0388838850,azlany@pjh.com.my,-,"7479-38,",BELUM MULA,7479-38/07-2017/0622(P),08 Jul 2015,07 Jul 2017,"RM 150,000.00",0.00mps,RUMAH PANGSA/KONDO,22.0,0,0,0,263,263,"150,000.00","260,000.00",0.0,,,https://teduh.kpkt.gov.my/project-swasta/7479-38,"(37, '7479-38')"
81,81,7 4 7 9 - 3 9 - P I N E   V A L L E Y,PUTRAJAYA HOMES SDN. BHD.,7479,7479/03-2028/0489(A),31 Mar 2023,30 Mar 2028,0388838850,azlany@pjh.com.my,-,"7479-39,",SIAP DENGAN: CCC PENUH,7479-39/12-2018/09034(P),31 Dec 2017,30 Dec 2018,"RM 838,000.00",194.00mps,RUMAH TERES,2.0,0,0,194,49,0,"838,000.00","1,075,000.00",100.0,"[""2.959491, 101.705754""]",,https://teduh.kpkt.gov.my/project-swasta/7479-39,"(38, '7479-39')"
82,82,7 4 7 9 - 4 0 - T U R N B E R R Y,PUTRAJAYA HOMES SDN. BHD.,7479,7479/03-2028/0489(A),31 Mar 2023,30 Mar 2028,0388838850,azlany@pjh.com.my,-,"7479-40,",SIAP DENGAN: CCC PENUH,7479-40/04-2020/01908(P),27 Apr 2019,26 Apr 2020,"RM 888,000.00",191.63mps,RUMAH TERES,2.0,0,0,192,102,0,"888,000.00","1,572,500.00",100.0,"[""2.958313, 101.706966""]",,https://teduh.kpkt.gov.my/project-swasta/7479-40,"(39, '7479-40')"
83,83,7 4 7 9 - 4 1 - D U T A   V I L L A,PUTRAJAYA HOMES SDN. BHD.,7479,7479/03-2028/0489(A),31 Mar 2023,30 Mar 2028,0388838850,azlany@pjh.com.my,-,"7479-41,",SIAP DENGAN: CCC PENUH,7479-41/11-2022/03238(P),02 Nov 2021,01 Nov 2022,"RM 1,580,000.00",341.91mps,RUMAH TERES,2.5,0,0,342,107,53,"1,580,000.00","1,995,000.00",100.0,"[""2.946006, 101.714394""]",,https://teduh.kpkt.gov.my/project-swasta/7479-41,"(40, '7479-41')"
84,84,7 4 7 9 - 4 2 - F L O R A   R O S A,PUTRAJAYA HOMES SDN. BHD.,7479,7479/03-2028/0489(A),31 Mar 2023,30 Mar 2028,0388838850,azlany@pjh.com.my,-,"7479-42,",SIAP DENGAN: CCC PENUH,7479-42/02-2022/01376(P),24 Feb 2021,23 Feb 2022,"RM 426,800.00",130.00mps,RUMAH PANGSA/KONDO,18.0,0,0,130,338,146,"426,800.00","1,180,800.00",100.0,"[""2.952612, 101.676273""]",,https://teduh.kpkt.gov.my/project-swasta/7479-42,"(41, '7479-42')"
85,85,7 4 7 9 - 4 3 - P P A 1 M   S E R U L I N G,PUTRAJAYA HOMES SDN. BHD.,7479,7479/03-2028/0489(A),31 Mar 2023,30 Mar 2028,0388838850,azlany@pjh.com.my,-,"7479-43,",BELUM MULA,7479-43/06-2019/0441(P),20 Jun 2017,19 Jun 2019,"RM 150,000.00",0.00mps,RUMAH PANGSA/KONDO,20.0,0,0,0,344,344,"150,000.00","300,000.00",0.0,,,https://teduh.kpkt.gov.my/project-swasta/7479-43,"(42, '7479-43')"
86,86,7 4 7 9 - 4 3 - P P A 1 M   S E R U L I N G,PUTRAJAYA HOMES SDN. BHD.,7479,7479/03-2028/0489(A),31 Mar 2023,30 Mar 2028,0388838850,azlany@pjh.com.my,-,"7479-43,",BELUM MULA,7479-43/06-2019/0441(P),20 Jun 2017,19 Jun 2019,"RM 150,000.00",0.00mps,RUMAH PANGSA/KONDO,20.0,0,0,0,364,364,"150,000.00","300,000.00",0.0,,,https://teduh.kpkt.gov.my/project-swasta/7479-43,"(42, '7479-43')"
87,87,7 4 7 9 - 4 3 - P P A 1 M   S E R U L I N G,PUTRAJAYA HOMES SDN. BHD.,7479,7479/03-2028/0489(A),31 Mar 2023,30 Mar 2028,0388838850,azlany@pjh.com.my,-,"7479-43,",BELUM MULA,7479-43/06-2019/0441(P),20 Jun 2017,19 Jun 2019,"RM 150,000.00",0.00mps,RUMAH PANGSA/KONDO,20.0,0,0,0,354,354,"160,000.00","300,000.00",0.0,,,https://teduh.kpkt.gov.my/project-swasta/7479-43,"(42, '7479-43')"
88,88,7 4 7 9 - 4 4 - T H Y M E S   @ 8,PUTRAJAYA HOMES SDN. BHD.,7479,7479/03-2028/0489(A),31 Mar 2023,30 Mar 2028,0388838850,azlany@pjh.com.my,-,"7479-44,",PERMIT TELAH DIBATALKAN,7479-44/11-2019/0887(P),03 Nov 2017,02 Nov 2019,"RM 2,168,000.00",0.00mps,RUMAH BERKEMBAR,3.0,0,0,0,6,6,"2,168,000.00","2,358,000.00",100.0,"[""2.960388, 101.670614""]",,https://teduh.kpkt.gov.my/project-swasta/7479-44,"(43, '7479-44')"
89,89,7 4 7 9 - 4 5 - P P A 1 M   K E T U M B A R,PUTRAJAYA HOMES SDN. BHD.,7479,7479/03-2028/0489(A),31 Mar 2023,30 Mar 2028,0388838850,azlany@pjh.com.my,-,"7479-45,",BELUM MULA,7479-45/03-2021/01830(P),09 Mar 2020,08 Mar 2021,"RM 150,000.00",0.00mps,RUMAH PANGSA/KONDO,28.0,0,0,0,315,315,"150,000.00","220,000.00",0.0,,,https://teduh.kpkt.gov.my/project-swasta/7479-45,"(44, '7479-45')"
90,90,7 4 7 9 - 4 5 - P P A 1 M   K E T U M B A R,PUTRAJAYA HOMES SDN. BHD.,7479,7479/03-2028/0489(A),31 Mar 2023,30 Mar 2028,0388838850,azlany@pjh.com.my,-,"7479-45,",BELUM MULA,7479-45/03-2021/01830(P),09 Mar 2020,08 Mar 2021,"RM 150,000.00",0.00mps,RUMAH PANGSA/KONDO,25.0,0,0,0,284,284,"150,000.00","220,000.00",0.0,,,https://teduh.kpkt.gov.my/project-swasta/7479-45,"(44, '7479-45')"
91,91,7 4 7 9 - 4 5 - P P A 1 M   K E T U M B A R,PUTRAJAYA HOMES SDN. BHD.,7479,7479/03-2028/0489(A),31 Mar 2023,30 Mar 2028,0388838850,azlany@pjh.com.my,-,"7479-45,",BELUM MULA,7479-45/03-2021/01830(P),09 Mar 2020,08 Mar 2021,"RM 150,000.00",0.00mps,RUMAH PANGSA/KONDO,28.0,0,0,0,201,201,"150,000.00","220,000.00",0.0,,,https://teduh.kpkt.gov.my/project-swasta/7479-45,"(44, '7479-45')"
92,92,7 4 7 9 - 4 6 - M U R R A Y A,PUTRAJAYA HOMES SDN. BHD.,7479,7479/03-2028/0489(A),31 Mar 2023,30 Mar 2028,0388838850,azlany@pjh.com.my,-,"7479-46,",SIAP DENGAN: CCC PENUH,7479-46/12-2022/0824(P),16 Dec 2020,15 Dec 2022,"RM 938,000.00",198.90mps,RUMAH TERES,2.0,0,0,199,118,51,"938,000.00","1,598,000.00",100.0,"[""2.959513, 101.708234""]",,https://teduh.kpkt.gov.my/project-swasta/7479-46,"(45, '7479-46')"
93,93,7 4 7 9 - 4 7 - P P A M   K A S T U R I,PUTRAJAYA HOMES SDN. BHD.,7479,7479/03-2028/0489(A),31 Mar 2023,30 Mar 2028,0388838850,azlany@pjh.com.my,-,"7479-47,",BELUM MULA,7479-47/03-2023/0286(P),31 Mar 2021,30 Mar 2023,"RM 150,000.00",0.00mps,RUMAH PANGSA/KONDO,26.0,0,0,0,404,404,"150,000.00","220,000.00",0.0,,,https://teduh.kpkt.gov.my/project-swasta/7479-47,"(46, '7479-47')"
94,94,7 4 7 9 - 4 8 - R E S I D E N S I   S A K U R A,PUTRAJAYA HOMES SDN. BHD.,7479,7479/03-2028/0489(A),31 Mar 2023,30 Mar 2028,0388838850,azlany@pjh.com.my,-,"7479-48,",BERJALAN LANCAR,7479-48/12-2025/0432(N)-(S),17 Dec 2022,16 Dec 2025,"RM 350,000.00",0.00mps,RUMAH PANGSA/KONDO,17.0,0,0,0,224,184,"457,000.00","978,000.00",90.47,"[""2.952997, 101.674382""]",,https://teduh.kpkt.gov.my/project-swasta/7479-48,"(58, '7479-48')"
95,95,7 4 7 9 - 4 8 - R E S I D E N S I   S A K U R A,PUTRAJAYA HOMES SDN. BHD.,7479,7479/03-2028/0489(A),31 Mar 2023,30 Mar 2028,0388838850,azlany@pjh.com.my,-,"7479-48,",BERJALAN LANCAR,7479-48/12-2025/0432(N)-(S),17 Dec 2022,16 Dec 2025,"RM 350,000.00",0.00mps,RUMAH PANGSA/KONDO,16.0,3,2,0,239,212,"350,000.00","980,000.00",78.17,"[""2.952997, 101.674382""]",,https://teduh.kpkt.gov.my/project-swasta/7479-48,"(58, '7479-48')"
96,96,7 4 7 9 - 8 - P A N G S A P U R I   M A M P U   M I L I K,PUTRAJAYA HOMES SDN. BHD.,7479,7479/03-2028/0489(A),31 Mar 2023,30 Mar 2028,0388838850,azlany@pjh.com.my,-,"7479-8,",SIAP DENGAN: CFO PENUH,7479-8/2651/2006(11),21 Nov 2005,20 Nov 2006,"RM 49,000.00",0.00mps,RUMAH PANGSA/KONDO,17.0,0,0,0,"1,334","1,334","49,000.00","49,000.00",100.0,,,https://teduh.kpkt.gov.my/project-swasta/7479-8,"(47, '7479-8')"
97,97,7 4 7 9 - 9 - P A L L A D I U M   -   P R E C I N C T   1 4,PUTRAJAYA HOMES SDN. BHD.,7479,7479/03-2028/0489(A),31 Mar 2023,30 Mar 2028,0388838850,azlany@pjh.com.my,-,"7479-9,",SIAP DENGAN: CFO PENUH,7479-9/1428/2008(07),11 Jul 2007,10 Jul 2008,"RM 304,888.00",0.00mps,RUMAH BERKEMBAR,2.0,0,0,0,78,78,"611,888.00","723,388.00",95.0,,,https://teduh.kpkt.gov.my/project-swasta/7479-9,"(48, '7479-9')"
98,98,7 4 7 9 - 9 - P A L L A D I U M   -   P R E C I N C T   1 4,PUTRAJAYA HOMES SDN. BHD.,7479,7479/03-2028/0489(A),31 Mar 2023,30 Mar 2028,0388838850,azlany@pjh.com.my,-,"7479-9,",SIAP DENGAN: CFO PENUH,7479-9/1428/2008(07),11 Jul 2007,10 Jul 2008,"RM 304,888.00",0.00mps,RUMAH SESEBUAH,2.0,0,0,0,36,36,"1,303,888.00","1,841,582.00",95.0,,,https://teduh.kpkt.gov.my/project-swasta/7479-9,"(48, '7479-9')"
99,99,7 4 7 9 - 9 - P A L L A D I U M   -   P R E C I N C T   1 4,PUTRAJAYA HOMES SDN. BHD.,7479,7479/03-2028/0489(A),31 Mar 2023,30 Mar 2028,0388838850,azlany@pjh.com.my,-,"7479-9,",SIAP DENGAN: CFO PENUH,7479-9/1428/2008(07),11 Jul 2007,10 Jul 2008,"RM 304,888.00",0.00mps,RUMAH TERES,2.0,0,0,0,64,64,"304,888.00","382,017.00",95.0,,,https://teduh.kpkt.gov.my/project-swasta/7479-9,"(48, '7479-9')"
100,100,7 9 3 9 - 1 0 - H E N I N G,ORANGEBEAM DEVELOPMENT SDN. BHD.,7939,7939-11/03-2024/0185(L),05 Mar 2022,04 Mar 2024,-,-,-,"7939-10,",SIAP DENGAN: CCC PENUH,7939-10/01-2021/01412(P),13 Jan 2020,12 Jan 2021,"RM 1,886,080.00","3,678.00mps",RUMAH TERES,3.0,0,0,"3,678",39,8,"1,886,080.00","2,829,120.00",100.0,"[""2.932266, 101.700074""]",,https://teduh.kpkt.gov.my/project-swasta/7939-10,"(49, '7939-10')"
101,101,7 9 3 9 - 1 1 - T E J A,ORANGEBEAM DEVELOPMENT SDN. BHD.,7939,7939-11/03-2024/0185(L),05 Mar 2022,04 Mar 2024,-,-,-,"7939-11,",BERJALAN LANCAR,7939-11/03-2024/0185(A)-(S),05 Mar 2022,04 Mar 2024,"RM 1,386,000.00",0.00mps,RUMAH TERES,2.5,5,5,0,28,22,"1,386,000.00","2,981,000.00",16.07,"[""2.930400, 101.701100""]",,https://teduh.kpkt.gov.my/project-swasta/7939-11,"(59, '7939-11')"
102,102,7 9 3 9 - 4 - S U P E R L I N K   H O M E S,ORANGEBEAM DEVELOPMENT SDN. BHD.,7939,7939-11/03-2024/0185(L),05 Mar 2022,04 Mar 2024,-,-,-,"7939-4,",SIAP DENGAN: CFO PENUH,7939-4/2821/2006(12),16 Dec 2005,15 Dec 2006,"RM 342,000.00",0.00mps,RUMAH TERES,2.0,0,0,0,146,146,"342,000.00","598,000.00",100.0,,,https://teduh.kpkt.gov.my/project-swasta/7939-4,"(50, '7939-4')"
103,103,7 9 3 9 - 5 - B U N G A L O W   C,ORANGEBEAM DEVELOPMENT SDN. BHD.,7939,7939-11/03-2024/0185(L),05 Mar 2022,04 Mar 2024,-,-,-,"7939-5,",SIAP DENGAN: CFO PENUH,7939-5/1404/2011(07),22 Jul 2010,21 Jul 2011,"RM 2,012,000.00",0.00mps,RUMAH SESEBUAH,2.0,0,0,0,1,1,"3,681,000.00","3,681,000.00",95.0,,,https://teduh.kpkt.gov.my/project-swasta/7939-5,"(51, '7939-5')"
104,104,7 9 3 9 - 5 - B U N G A L O W   C,ORANGEBEAM DEVELOPMENT SDN. BHD.,7939,7939-11/03-2024/0185(L),05 Mar 2022,04 Mar 2024,-,-,-,"7939-5,",SIAP DENGAN: CFO PENUH,7939-5/1404/2011(07),22 Jul 2010,21 Jul 2011,"RM 2,012,000.00",0.00mps,RUMAH SESEBUAH,2.0,0,0,0,14,14,"2,012,000.00","2,811,000.00",95.0,,,https://teduh.kpkt.gov.my/project-swasta/7939-5,"(51, '7939-5')"
105,105,7 9 3 9 - 6 - C A S A   D A N A U,ORANGEBEAM DEVELOPMENT SDN. BHD.,7939,7939-11/03-2024/0185(L),05 Mar 2022,04 Mar 2024,-,-,-,"7939-6,",SIAP DENGAN: CFO PENUH,7939-6/604/2009(04),24 Apr 2008,23 Apr 2009,"RM 1,619,000.00",0.00mps,RUMAH SESEBUAH,2.0,0,0,0,6,6,"1,619,000.00","2,336,000.00",95.0,,,https://teduh.kpkt.gov.my/project-swasta/7939-6,"(52, '7939-6')"
106,106,7 9 3 9 - 7 - O R A N G E B E A M   D E V E L O P M E N T   S D N .   B H D .,ORANGEBEAM DEVELOPMENT SDN. BHD.,7939,7939-11/03-2024/0185(L),05 Mar 2022,04 Mar 2024,-,-,-,"7939-7,",SIAP DENGAN: CCC PENUH,7939-7/2366/2012(11),14 Nov 2011,13 Nov 2012,"RM 888,000.00",0.00mps,RUMAH BERKEMBAR,2.5,0,0,0,10,0,"1,608,000.00","1,988,000.00",100.0,,,https://teduh.kpkt.gov.my/project-swasta/7939-7,"(53, '7939-7')"
107,107,7 9 3 9 - 7 - O R A N G E B E A M   D E V E L O P M E N T   S D N .   B H D .,ORANGEBEAM DEVELOPMENT SDN. BHD.,7939,7939-11/03-2024/0185(L),05 Mar 2022,04 Mar 2024,-,-,-,"7939-7,",SIAP DENGAN: CCC PENUH,7939-7/2366/2012(11),14 Nov 2011,13 Nov 2012,"RM 888,000.00",0.00mps,RUMAH TERES,2.5,0,0,0,44,2,"888,000.00","1,518,000.00",100.0,,,https://teduh.kpkt.gov.my/project-swasta/7939-7,"(53, '7939-7')"
108,108,7 9 3 9 - 9 - D A N A U   S U R I A,ORANGEBEAM DEVELOPMENT SDN. BHD.,7939,7939-11/03-2024/0185(L),05 Mar 2022,04 Mar 2024,-,-,-,"7939-9,",SIAP DENGAN: CCC PENUH,7939-9/08-2018/02176(P),24 Aug 2017,23 Aug 2018,"RM 3,546,000.00","4,220.00mps - 4,852.00mps",RUMAH SESEBUAH,2.5,0,0,"4,220",12,9,"3,546,000.00","4,232,000.00",100.0,"[""2.928345, 101.698516""]",,https://teduh.kpkt.gov.my/project-swasta/7939-9,"(54, '7939-9')"
109,109,7 9 3 9 - 9 - D A N A U   S U R I A,ORANGEBEAM DEVELOPMENT SDN. BHD.,7939,7939-11/03-2024/0185(L),05 Mar 2022,04 Mar 2024,-,-,-,"7939-9,",SIAP DENGAN: CCC PENUH,7939-9/08-2018/02176(P),24 Aug 2017,23 Aug 2018,"RM 3,546,000.00","4,220.00mps - 4,852.00mps",RUMAH SESEBUAH,2.0,0,0,"4,852",11,3,"4,317,000.00","4,932,000.00",100.0,"[""2.928345, 101.698516""]",,https://teduh.kpkt.gov.my/project-swasta/7939-9,"(54, '7939-9')"
110,110,"8 0 6 6 - 4 - D A L U R ,   P R E S I N T   1 8   P U T R A J A Y A",TRC LAND SDN. BHD.,8066,8066/05-2026/1197(R),25 May 2023,24 May 2026,-,-,-,"8066-4,",SIAP DENGAN: CCC PENUH,8066-4/05-2023/0473(A)-(S),25 May 2021,24 May 2023,"RM 150,000.00",0.00mps,RUMAH PANGSA/KONDO,33.0,0,0,0,500,64,"150,000.00","260,000.00",100.0,"[""2.915712, 101.693256""]",,https://teduh.kpkt.gov.my/project-swasta/8066-4,"(56, '8066-4')"
111,111,8 5 9 3 - 3 - P E R U M A H A N   P E N J A W A T   A W A M   1   M A L A Y S I A,SHABRA DEVELOPMENT SDN BHD.,8593,8593-3/01-2021/01366(L),13 Jan 2020,12 Jan 2021,-,-,-,"8593-3,",BERJALAN LANCAR,8593-3/01-2018/01100(P),13 Jan 2017,12 Jan 2018,"RM 150,000.00",0.00mps,RUMAH PANGSA/KONDO,20.0,0,0,0,156,156,"150,000.00","291,250.00",44.98,,,https://teduh.kpkt.gov.my/project-swasta/8593-3,"(55, '8593-3')"
112,112,8 5 9 3 - 3 - P E R U M A H A N   P E N J A W A T   A W A M   1   M A L A Y S I A,SHABRA DEVELOPMENT SDN BHD.,8593,8593-3/01-2021/01366(L),13 Jan 2020,12 Jan 2021,-,-,-,"8593-3,",BERJALAN LANCAR,8593-3/01-2018/01100(P),13 Jan 2017,12 Jan 2018,"RM 150,000.00",0.00mps,RUMAH PANGSA/KONDO,20.0,0,0,0,152,152,"235,000.00","344,000.00",47.13,,,https://teduh.kpkt.gov.my/project-swasta/8593-3,"(55, '8593-3')"
113,113,8 5 9 3 - 3 - P E R U M A H A N   P E N J A W A T   A W A M   1   M A L A Y S I A,SHABRA DEVELOPMENT SDN BHD.,8593,8593-3/01-2021/01366(L),13 Jan 2020,12 Jan 2021,-,-,-,"8593-3,",BERJALAN LANCAR,8593-3/01-2018/01100(P),13 Jan 2017,12 Jan 2018,"RM 150,000.00",0.00mps,RUMAH PANGSA/KONDO,17.0,0,0,0,128,128,"220,000.00","291,250.00",32.09,,,https://teduh.kpkt.gov.my/project-swasta/8593-3,"(55, '8593-3')"
114,114,8 5 9 3 - 3 - P E R U M A H A N   P E N J A W A T   A W A M   1   M A L A Y S I A,SHABRA DEVELOPMENT SDN BHD.,8593,8593-3/01-2021/01366(L),13 Jan 2020,12 Jan 2021,-,-,-,"8593-3,",BERJALAN LANCAR,8593-3/01-2018/01100(P),13 Jan 2017,12 Jan 2018,"RM 150,000.00",0.00mps,RUMAH PANGSA/KONDO,18.0,0,0,0,136,136,"235,000.00","344,000.00",43.75,,,https://teduh.kpkt.gov.my/project-swasta/8593-3,"(55, '8593-3')"
115,115,8 5 9 3 - 3 - P E R U M A H A N   P E N J A W A T   A W A M   1   M A L A Y S I A,SHABRA DEVELOPMENT SDN BHD.,8593,8593-3/01-2021/01366(L),13 Jan 2020,12 Jan 2021,-,-,-,"8593-3,",BERJALAN LANCAR,8593-3/01-2018/01100(P),13 Jan 2017,12 Jan 2018,"RM 150,000.00",0.00mps,RUMAH PANGSA/KONDO,18.0,0,0,0,140,140,"150,000.00","291,250.00",30.0,,,https://teduh.kpkt.gov.my/project-swasta/8593-3,"(55, '8593-3')"
116,116,8 5 9 3 - 3 - P E R U M A H A N   P E N J A W A T   A W A M   1   M A L A Y S I A,SHABRA DEVELOPMENT SDN BHD.,8593,8593-3/01-2021/01366(L),13 Jan 2020,12 Jan 2021,-,-,-,"8593-3,",BERJALAN LANCAR,8593-3/01-2018/01100(P),13 Jan 2017,12 Jan 2018,"RM 150,000.00",0.00mps,RUMAH PANGSA/KONDO,18.0,0,0,0,136,136,"300,000.00","397,500.00",31.73,,,https://teduh.kpkt.gov.my/project-swasta/8593-3,"(55, '8593-3')"
117,117,8 5 9 3 - 3 - P E R U M A H A N   P E N J A W A T   A W A M   1   M A L A Y S I A,SHABRA DEVELOPMENT SDN BHD.,8593,8593-3/01-2021/01366(L),13 Jan 2020,12 Jan 2021,-,-,-,"8593-3,",BERJALAN LANCAR,8593-3/01-2018/01100(P),13 Jan 2017,12 Jan 2018,"RM 150,000.00",0.00mps,RUMAH PANGSA/KONDO,20.0,0,0,0,152,152,"272,000.00","397,500.00",48.61,,,https://teduh.kpkt.gov.my/project-swasta/8593-3,"(55, '8593-3')"
